"レビュータイプ","商品名","レビュー詳細URL","評価","投稿時間","タイトル","レビュー本文","フラグ","注文番号","未対応フラグ"
"商品レビュー","【 楽天1位受賞★レビュー特典付き 】＼クーポンで最大20％OFF！／眉毛 はさみ ハサミ まゆげ テンプレート 眉毛カット 眉コーム 眉毛セット メンズ 眉そり コーム カミソリ RP1 NP-2F","https://review.rakuten.co.jp/item/1/354660_10001208/epqr-i9fbu-fm56hp_1_4046229397/","4","2026/05/08 21:04:21","","思っていたよりも本格的で、丈夫なケース付きで旅行先にも持ち運べる。","0","354660-20260505-0573625569",""
"商品レビュー","【 楽天1位受賞★レビュー特典付き 】＼クーポンで最大20％OFF！／眉毛 はさみ ハサミ まゆげ テンプレート 眉毛カット 眉コーム 眉毛セット メンズ 眉そり コーム カミソリ RP1 NP-2F","https://review.rakuten.co.jp/item/1/354660_10001208/epqr-i9fb3-fey3b3_1_4040896107/","3","2026/05/04 16:27:09","眉毛プレートは要らない","正直、あまり必要の無いものまで入っていました。眉毛プレートは特に必要ないかと。でも仕方なく買いました。眉毛命なので。","0","354660-20260501-0557525077",""
"商品レビュー","【 楽天1位受賞★レビュー特典付き 】＼クーポンで最大20％OFF！／眉毛 はさみ ハサミ まゆげ テンプレート 眉毛カット 眉コーム 眉毛セット メンズ 眉そり コーム カミソリ RP1 NP-2F","https://review.rakuten.co.jp/item/1/354660_10001208/epqr-i9faj-dpa1p2_1_4013168100/","5","2026/04/23 16:42:41","","とても良い商品です。ありがとうございました。","0","354660-20260418-0398121601",""
"商品レビュー","【 楽天1位受賞★レビュー特典付き 】＼クーポンで最大20％OFF！／眉毛 はさみ ハサミ まゆげ テンプレート 眉毛カット 眉コーム 眉毛セット メンズ 眉そり コーム カミソリ RP1 NP-2F","https://review.rakuten.co.jp/item/1/354660_10001208/epqr-i97w8-cwpph9_1_3863605305/","5","2026/04/22 0:45:27","","とても使いやすいです。セットになってるので持ち運びもしやすいです。","0","354660-20260210-0355406366",""
"商品レビュー","【 楽天1位受賞★レビュー特典付き 】＼クーポンで最大20％OFF！／眉毛 はさみ ハサミ まゆげ テンプレート 眉毛カット 眉コーム 眉毛セット メンズ 眉そり コーム カミソリ RP1 NP-2F","https://review.rakuten.co.jp/item/1/354660_10001208/epqr-i9faa-gk8tus_1_3979428864/","5","2026/04/07 10:49:37","とても使いやすい","今までは、単品でハサミやブラシを買って使っていました。こちらの商品を見て、たくさん入っているのにお値打ちだと思い購入しました。コーム付きはさみはよく切れて使いやすかったです。カミソリもスムーズでした。それぞれの道具がきっちり収納出来るケースも素晴らしいです。欲を言えば、小さな鏡がケース外側にあれば、ありがたいです。","0","354660-20260405-0630918494",""
"商品レビュー","【 楽天1位受賞★レビュー特典付き 】＼クーポンで最大20％OFF！／眉毛 はさみ ハサミ まゆげ テンプレート 眉毛カット 眉コーム 眉毛セット メンズ 眉そり コーム カミソリ RP1 NP-2F","https://review.rakuten.co.jp/item/1/354660_10001208/epqr-i9744-biry5v_1_3969144879/","5","2026/04/03 8:14:38","色々入ってお得！","たくさん入って凄く便利。お値段がお得すぎる！本当に有難うございます。
使うのが楽しみ！","0","354660-20260330-0202717110",""
"商品レビュー","【 楽天1位受賞★レビュー特典付き 】＼クーポンで最大20％OFF！／眉毛 はさみ ハサミ まゆげ テンプレート 眉毛カット 眉コーム 眉毛セット メンズ 眉そり コーム カミソリ RP1 NP-2F","https://review.rakuten.co.jp/item/1/354660_10001208/epqr-i974y-djm7wq_1_3967698987/","5","2026/03/31 23:04:25","","手頃な値段なのに、8点セットはお得でした。
ハサミも使いやすかったです。","0","354660-20260329-0387116339",""
"商品レビュー","【 楽天1位受賞★レビュー特典付き 】＼クーポンで最大20％OFF！／眉毛 はさみ ハサミ まゆげ テンプレート 眉毛カット 眉コーム 眉毛セット メンズ 眉そり コーム カミソリ RP1 NP-2F","https://review.rakuten.co.jp/item/1/354660_10001208/epqr-i974s-962z6h_1_3952200574/","3","2026/03/25 22:55:17","変な眉毛プレートが笑えた","眉毛のプレートが微妙な形が多かった。思ったより使いづらいけど、なれないせいかもしれない。","0","354660-20260322-0168614507",""
"商品レビュー","【 楽天1位受賞★レビュー特典付き 】＼クーポンで最大20％OFF！／眉毛 はさみ ハサミ まゆげ テンプレート 眉毛カット 眉コーム 眉毛セット メンズ 眉そり コーム カミソリ RP1 NP-2F","https://review.rakuten.co.jp/item/1/354660_10001208/epqr-i9742-ec575e_1_3925334308/","5","2026/03/16 9:22:19","","前々から気になっており、購入しました。
色々入っており、使いやすかったです。
身だしなみを整えるのに重宝しそうです。","0","354660-20260309-0432512143",""
"商品レビュー","【 楽天1位受賞★レビュー特典付き 】＼クーポンで最大20％OFF！／眉毛 はさみ ハサミ まゆげ テンプレート 眉毛カット 眉コーム 眉毛セット メンズ 眉そり コーム カミソリ RP1 NP-2F","https://review.rakuten.co.jp/item/1/354660_10001208/epqr-i974c-dgp6lj_1_3898157563/","3","2026/03/14 21:29:44","","この価格にしては、満足できる商品内容だった。","0","354660-20260301-0380609870",""
"商品レビュー","【 楽天1位受賞★レビュー特典付き 】＼クーポンで最大20％OFF！／眉毛 はさみ ハサミ まゆげ テンプレート 眉毛カット 眉コーム 眉毛セット メンズ 眉そり コーム カミソリ RP1 NP-2F","https://review.rakuten.co.jp/item/1/354660_10001208/epqr-i974f-1lzm3_3_3907055396/","5","2026/03/08 15:41:48","","まとまっていてとても使いやすそうです。これから楽しみです。","0","354660-20260305-0007510957",""
"商品レビュー","【 楽天1位受賞★レビュー特典付き 】＼クーポンで最大20％OFF！／眉毛 はさみ ハサミ まゆげ テンプレート 眉毛カット 眉コーム 眉毛セット メンズ 眉そり コーム カミソリ RP1 NP-2F","https://review.rakuten.co.jp/item/1/354660_10001208/epqr-i97w8-ktw2p2_1_3864136796/","3","2026/03/01 22:23:46","","高校生の息子用に購入。色々はいってこのお値段は安い！ただ毛抜きはプラスチック製なもんで全く毛が掴めない、抜けないと息子が言っていたので星3つです。","0","354660-20260210-0953806225",""
"商品レビュー","【 楽天1位受賞★レビュー特典付き 】＼クーポンで最大20％OFF！／眉毛 はさみ ハサミ まゆげ テンプレート 眉毛カット 眉コーム 眉毛セット メンズ 眉そり コーム カミソリ RP1 NP-2F","https://review.rakuten.co.jp/item/1/354660_10001208/epqr-i97wy-darf5o_1_3885043737/","4","2026/02/26 11:26:23","","はじめて使いましたが、ハサミもすごく切れるし良かったです。有難う御座いました。","0","354660-20260221-0365608748",""
"商品レビュー","【 楽天1位受賞★レビュー特典付き 】＼クーポンで最大20％OFF！／眉毛 はさみ ハサミ まゆげ テンプレート 眉毛カット 眉コーム 眉毛セット メンズ 眉そり コーム カミソリ RP1 NP-2F","https://review.rakuten.co.jp/item/1/354660_10001208/epqr-i97w8-f9frkf_1_3864258720/","5","2026/02/13 5:09:00","","眉毛を整えるものが一式揃っており道具も使いやすかったです。","0","354660-20260210-0548006373",""
"商品レビュー","【 楽天1位受賞★レビュー特典付き 】＼クーポンで最大20％OFF！／眉毛 はさみ ハサミ まゆげ テンプレート 眉毛カット 眉コーム 眉毛セット メンズ 眉そり コーム カミソリ RP1 NP-2F","https://review.rakuten.co.jp/item/1/354660_10001208/epqr-i97wm-y5u61_2_3853342584/","5","2026/02/12 11:40:27","","いろいろとセットになってるのが良いですね。
寮生活の息子に送りました。","0","354660-20260205-0056305732",""
"商品レビュー","【 楽天1位受賞★レビュー特典付き 】＼クーポンで最大20％OFF！／眉毛 はさみ ハサミ まゆげ テンプレート 眉毛カット 眉コーム 眉毛セット メンズ 眉そり コーム カミソリ RP1 NP-2F","https://review.rakuten.co.jp/item/1/354660_10001208/epqr-i97wm-c0ul8h_1_3850549556/","5","2026/02/07 10:27:48","これで大丈夫眉毛切りセット","眉毛切りが欲しくて購入しました。眉毛関係の沢山のキットが揃っているので、本格的な気分になれます。ハサミがどれも良く切れるので、使いやすいです。
","0","354660-20260205-0303705443",""
"商品レビュー","【 楽天1位受賞★レビュー特典付き 】＼クーポンで最大20％OFF！／眉毛 はさみ ハサミ まゆげ テンプレート 眉毛カット 眉コーム 眉毛セット メンズ 眉そり コーム カミソリ RP1 NP-2F","https://review.rakuten.co.jp/item/1/354660_10001208/epqr-i97uf-l57u7n_1_3828590902/","5","2026/02/04 10:51:13","","しっかりした商品です
使うのはこれからですが、楽しみです","0","354660-20260125-0998103043",""
"商品レビュー","【 楽天1位受賞★レビュー特典付き 】＼クーポンで最大20％OFF！／眉毛 はさみ ハサミ まゆげ テンプレート 眉毛カット 眉コーム 眉毛セット メンズ 眉そり コーム カミソリ RP1 NP-2F","https://review.rakuten.co.jp/item/1/354660_10001208/epqr-i97uf-1nnvka_1_3829167814/","5","2026/02/02 8:45:43","","すぐに届きました。
眉毛を整えるのに必要なものがセットになっていて便利です。
使い勝手もよくこれから毎日使いたいと思います。
ありがとうございました。","0","354660-20260125-0274703293",""
"商品レビュー","【 楽天1位受賞★レビュー特典付き 】＼クーポンで最大20％OFF！／眉毛 はさみ ハサミ まゆげ テンプレート 眉毛カット 眉コーム 眉毛セット メンズ 眉そり コーム カミソリ RP1 NP-2F","https://review.rakuten.co.jp/item/1/354660_10001208/epqr-i97ud-jxkp41_1_3821988366/","5","2026/01/23 11:45:13","","発送も早かったですし、いろいろ入ってて、このお値段はお得でした。
有難うございました。
入っているお手紙も人となりが見えてくるようで心暖まりました。","0","354660-20260122-0901002460",""
"商品レビュー","【 楽天1位受賞★レビュー特典付き 】＼クーポンで最大20％OFF！／眉毛 はさみ ハサミ まゆげ テンプレート 眉毛カット 眉コーム 眉毛セット メンズ 眉そり コーム カミソリ RP1 NP-2F","https://review.rakuten.co.jp/item/1/354660_10001208/epqr-i9766-hthee0_1_3791680477/","5","2026/01/20 22:27:58","カチッと大人の調整、眉毛を整えよう","人は歳を重ねるとだんだん時間に置いていかれます。特に持病があったりなんかすると、本当にき自分の身なりとかどうでも良くなりがちで、無精髭でいたり、鼻毛が伸びているのに気付かず、後で鏡を見て、なんじゃこりゃ、と嘆くことも。そうして人と触れ合う機会も減っていくとさらに老いぼれていくんだろうなあ、なんて感じてます。そして眉毛！なんて伸びるのが早くなっていくのでしょう。いつの間にか白髪と黒い毛が半々くらいになると、白髪の方が強く、硬く、黒いしなやかな眉毛を圧倒し出すんですね。私は整髪用のハサミを持っているのですが、病気のため不器用になってしまったこともあり、眉毛を切るのは大雑把になってしまいます。だから眉毛を綺麗に整えるなんて事は諦めざるを得ないと考えていたんです。でもなんかの広告で見たんです。眉毛を整えるためのセットがこの世にたくさんあることを知りました。まあ初めてですし、と言うことで多分一番安い方に触れているこれにしましたが、面白い道具がいくつもあって楽しいですよ。見てるだけでも。もちろん使いました。やや硬めの、大人の調整ですかね。接合部の安っぽいかちゃかちゃかんはどの道具からも感じませんでした。値段に見合わぬ仕上がりの道具ばかりでした。使い方の難しいものもあって、本当にこの値段の製品？使い心地も良く、ほぼ思い通りの調整ができて、満足しています。なかなかに良い買い物が、思わぬところでできました。","0","354660-20260108-0711000108",""
"商品レビュー","【 楽天1位受賞★レビュー特典付き 】＼クーポンで最大20％OFF！／眉毛 はさみ ハサミ まゆげ テンプレート 眉毛カット 眉コーム 眉毛セット メンズ 眉そり コーム カミソリ RP1 NP-2F","https://review.rakuten.co.jp/item/1/354660_10001208/epqr-i976w-b6jkii_1_3800450882/","4","2026/01/15 16:38:34","","使いやすそうでよかったです。
綺麗に梱包もしてあってありがとございます。","0","354660-20260111-0229100844",""
"商品レビュー","【 楽天1位受賞★レビュー特典付き 】＼クーポンで最大20％OFF！／眉毛 はさみ ハサミ まゆげ テンプレート 眉毛カット 眉コーム 眉毛セット メンズ 眉そり コーム カミソリ RP1 NP-2F","https://review.rakuten.co.jp/item/1/354660_10001208/epqr-i976v-aei2le_2_3799117486/","5","2026/01/12 9:17:15","眉毛の手入れ用に購入。必要十分なセット","眉毛を整えるためのセットが欲しくて購入しました。
ハサミ、コーム、毛抜き、カミソリなど必要なものが一通り揃っていて、このセットだけで眉毛の手入れが完結します。

ケース付きなので収納しやすく、持ち運びもしやすいのが地味に便利。
作りもしっかりしていて、安っぽさは感じませんでした。
初心者でも使いやすく、コスパはかなり良いと思います。

眉毛セットを探している方には十分おすすめできます。","0","354660-20260110-0072800791",""
"商品レビュー","【 楽天1位受賞★レビュー特典付き 】＼クーポンで最大20％OFF！／眉毛 はさみ ハサミ まゆげ テンプレート 眉毛カット 眉コーム 眉毛セット メンズ 眉そり コーム カミソリ RP1 NP-2F","https://review.rakuten.co.jp/item/1/354660_10001208/epqr-i976v-e4r7ac_1_3794147213/","5","2026/01/11 20:22:01","","まだ使ってませんが、使いやすそうです。
発送も迅速でした。
ありがとうございます。","0","354660-20260110-0481500329",""
"商品レビュー","【 楽天1位受賞★レビュー特典付き 】＼クーポンで最大20％OFF！／眉毛 はさみ ハサミ まゆげ テンプレート 眉毛カット 眉コーム 眉毛セット メンズ 眉そり コーム カミソリ RP1 NP-2F","https://review.rakuten.co.jp/item/1/354660_10001208/epqr-i976t-11d6o8_1_3790910070/","4","2026/01/11 15:53:13","満足です","注文から配達完了まで早かったです。
まだ使い始めていませんが、出来れば中国製はやめてもらいたい。","0","354660-20260107-0248900134",""
"商品レビュー","【 楽天1位受賞★レビュー特典付き 】＼クーポンで最大20％OFF！／眉毛 はさみ ハサミ まゆげ テンプレート 眉毛カット 眉コーム 眉毛セット メンズ 眉そり コーム カミソリ RP1 NP-2F","https://review.rakuten.co.jp/item/1/354660_10001208/epqr-i9aw1-ac7avt_2_3677236542/","5","2025/12/31 22:59:40","","眉毛を整えるのに使う道具が全て揃っていたので、自分で動画等を見ながら整えることができました。","0","354660-20251120-0069239907",""
"商品レビュー","【 楽天1位受賞★レビュー特典付き 】＼クーポンで最大20％OFF！／眉毛 はさみ ハサミ まゆげ テンプレート 眉毛カット 眉コーム 眉毛セット メンズ 眉そり コーム カミソリ RP1 NP-2F","https://review.rakuten.co.jp/item/1/354660_10001208/epqr-i9a4a-1rjk71_1_3769669020/","5","2025/12/27 12:44:00","同居の家族に","注文から発送まで非常に早かったです。

家族のために購入しましたが、早速使っていました。
使い心地は良いようです。
この値段で色々入っていて、ケースも付いているので良い買い物ができたと思います！","0","354660-20251225-0282848404",""
"商品レビュー","【 楽天1位受賞★レビュー特典付き 】＼クーポンで最大20％OFF！／眉毛 はさみ ハサミ まゆげ テンプレート 眉毛カット 眉コーム 眉毛セット メンズ 眉そり コーム カミソリ RP1 NP-2F","https://review.rakuten.co.jp/item/1/354660_10001208/epqr-i9ayt-i8xcq8_1_3745788261/","5","2025/12/17 19:19:27","購入して良かったです。","翌々日には届きました。軽量コンパクトなのに必要な物が揃っていて大満足です。テンプレートも中に入ってしまい、これ一つ持っていたら難しい眉毛の手入れもしっかり出来るかなと思います。先ずは主人で試してみたいと思います。","0","354660-20251215-0764045986",""
"商品レビュー","【 楽天1位受賞★レビュー特典付き 】＼クーポンで最大20％OFF！／眉毛 はさみ ハサミ まゆげ テンプレート 眉毛カット 眉コーム 眉毛セット メンズ 眉そり コーム カミソリ RP1 NP-2F","https://review.rakuten.co.jp/item/1/354660_10001208/epqr-i9ayq-kvfyvd_1_3738710304/","5","2025/12/13 15:08:02","","価格に対して商品は申し分なし。商品到着までも早くとても良かったです。","0","354660-20251211-0957844878",""
"商品レビュー","【 楽天1位受賞★レビュー特典付き 】＼クーポンで最大20％OFF！／眉毛 はさみ ハサミ まゆげ テンプレート 眉毛カット 眉コーム 眉毛セット メンズ 眉そり コーム カミソリ RP1 NP-2F","https://review.rakuten.co.jp/item/1/354660_10001208/epqr-i9aw1-7pku5g_1_3674370704/","5","2025/12/07 11:27:10","","高校生の息子に購入しました。コスパも良くコンパクトに収納できるので大変気に入ってます。","0","354660-20251120-0519739426",""
"商品レビュー","【 楽天1位受賞★レビュー特典付き 】＼クーポンで最大20％OFF！／眉毛 はさみ ハサミ まゆげ テンプレート 眉毛カット 眉コーム 眉毛セット メンズ 眉そり コーム カミソリ RP1 NP-2F","https://review.rakuten.co.jp/item/1/354660_10001208/epqr-i9aw9-e9v207_1_3670144128/","5","2025/12/05 10:11:52","","眉を整えるのに必要なツールが一通り揃っており、重宝しています。","0","354660-20251118-0428039000",""
"商品レビュー","【 楽天1位受賞★レビュー特典付き 】＼クーポンで最大20％OFF！／眉毛 はさみ ハサミ まゆげ テンプレート 眉毛カット 眉コーム 眉毛セット メンズ 眉そり コーム カミソリ RP1 NP-2F","https://review.rakuten.co.jp/item/1/354660_10001208/epqr-i9awj-l56yp8_1_3701295183/","5","2025/12/02 9:57:23","","さっそく使いました！色々入っていてケース付きでカッコイイ！眉毛の手入れも楽に出来ました！友達にも勧めて見ようと思います！","0","354660-20251130-0999041818",""
"商品レビュー","【 楽天1位受賞★レビュー特典付き 】＼クーポンで最大20％OFF！／眉毛 はさみ ハサミ まゆげ テンプレート 眉毛カット 眉コーム 眉毛セット メンズ 眉そり コーム カミソリ RP1 NP-2F","https://review.rakuten.co.jp/item/1/354660_10001208/epqr-i9awe-hak3fn_1_3681790778/","5","2025/12/01 0:42:11","","いろんなものがセットになっててお得です。
持ち運びしやすいので、旅行にも持っていけます。","0","354660-20251123-0667540135",""
"商品レビュー","【 楽天1位受賞★レビュー特典付き 】＼クーポンで最大20％OFF！／眉毛 はさみ ハサミ まゆげ テンプレート 眉毛カット 眉コーム 眉毛セット メンズ 眉そり コーム カミソリ RP1 NP-2F","https://review.rakuten.co.jp/item/1/354660_10001208/epqr-i9awf-eptzi7_1_3689857156/","5","2025/11/28 21:08:17","","セットになってるのがとても良かったです。","0","354660-20251125-0459840680",""
"商品レビュー","【 楽天1位受賞★レビュー特典付き 】＼クーポンで最大20％OFF！／眉毛 はさみ ハサミ まゆげ テンプレート 眉毛カット 眉コーム 眉毛セット メンズ 眉そり コーム カミソリ RP1 NP-2F","https://review.rakuten.co.jp/item/1/354660_10001208/epqr-i9aw9-epp5mq_1_3670673960/","5","2025/11/25 22:37:42","","よかった！これがあれば眉毛の手入れは完結できます！","0","354660-20251118-0459538907",""
"商品レビュー","【 楽天1位受賞★レビュー特典付き 】＼クーポンで最大20％OFF！／眉毛 はさみ ハサミ まゆげ テンプレート 眉毛カット 眉コーム 眉毛セット メンズ 眉そり コーム カミソリ RP1 NP-2F","https://review.rakuten.co.jp/item/1/354660_10001208/epqr-i9avt-k5dq5y_1_3648563659/","5","2025/11/25 18:52:42","","今まで使っていた眉ハサミより切りやすかったです！良い買物でした！","0","354660-20251107-0937536153",""
"商品レビュー","【 楽天1位受賞★レビュー特典付き 】＼クーポンで最大20％OFF！／眉毛 はさみ ハサミ まゆげ テンプレート 眉毛カット 眉コーム 眉毛セット メンズ 眉そり コーム カミソリ RP1 NP-2F","https://review.rakuten.co.jp/item/1/354660_10001208/epqr-i9awc-y7vjw_2_3677347074/","5","2025/11/22 18:11:34","ありがとうございます！","本日届きました！
商品も綺麗に梱包されてました！
迅速な発送ありがとうございます！","0","354660-20251121-0055839991",""
"商品レビュー","【 楽天1位受賞★レビュー特典付き 】＼クーポンで最大20％OFF！／眉毛 はさみ ハサミ まゆげ テンプレート 眉毛カット 眉コーム 眉毛セット メンズ 眉そり コーム カミソリ RP1 NP-2F","https://review.rakuten.co.jp/item/1/354660_10001208/epqr-i9aw1-bcfm37_1_3672465175/","5","2025/11/22 2:41:41","","悩みだった眉毛がこの商品を購入してかっこよく仕上げる事が出来ました！本当に感謝してます！ありがとうございます！","0","354660-20251120-0190239452",""
"商品レビュー","【 楽天1位受賞★レビュー特典付き 】＼クーポンで最大20％OFF！／眉毛 はさみ ハサミ まゆげ テンプレート 眉毛カット 眉コーム 眉毛セット メンズ 眉そり コーム カミソリ RP1 NP-2F","https://review.rakuten.co.jp/item/1/354660_10001208/epqr-i9av8-xjs5n_2_3635844364/","4","2025/11/20 21:53:38","良い商品でした～","注文番号
354660-20251102-0054435259
眉毛の手入れ用に節付きのハサミを探していましたが、全てセットなのにオトクな価格な商品だと思い購入しました。すべてのツールをまだ使用していませんが、オススメです。","0","354660-20251102-0054435259",""
"商品レビュー","【 楽天1位受賞★レビュー特典付き 】＼クーポンで最大20％OFF！／眉毛 はさみ ハサミ まゆげ テンプレート 眉毛カット 眉コーム 眉毛セット メンズ 眉そり コーム カミソリ RP1 NP-2F","https://review.rakuten.co.jp/item/1/354660_10001208/epqr-i9avv-cqthqt_1_3653189793/","4","2025/11/15 19:36:34","眉毛 カット","注文後即対応頂きありがとうございました。早速愛用しております。","0","354660-20251110-0342236871",""
"商品レビュー","【 楽天1位受賞★レビュー特典付き 】＼クーポンで最大20％OFF！／眉毛 はさみ ハサミ まゆげ テンプレート 眉毛カット 眉コーム 眉毛セット メンズ 眉そり コーム カミソリ RP1 NP-2F","https://review.rakuten.co.jp/item/1/354660_10001208/epqr-i9avw-eh4fel_1_3659207438/","4","2025/11/14 19:36:20","","安くて使いやすいです。ありがとうございました。","0","354660-20251111-0443337244",""
"商品レビュー","【 楽天1位受賞★レビュー特典付き 】＼クーポンで最大20％OFF！／眉毛 はさみ ハサミ まゆげ テンプレート 眉毛カット 眉コーム 眉毛セット メンズ 眉そり コーム カミソリ RP1 NP-2F","https://review.rakuten.co.jp/item/1/354660_10001208/epqr-i9avr-63vyw_2_3638406793/","5","2025/11/08 21:15:14","","セットになっていてケースもついていたので、お得でした。","0","354660-20251104-0048235747",""
"商品レビュー","【 楽天1位受賞★レビュー特典付き 】＼クーポンで最大20％OFF！／眉毛 はさみ ハサミ まゆげ テンプレート 眉毛カット 眉コーム 眉毛セット メンズ 眉そり コーム カミソリ RP1 NP-2F","https://review.rakuten.co.jp/item/1/354660_10001208/epqr-i9av3-eltvdw_1_3641734563/","5","2025/11/06 22:13:08","","必要な物が全部揃っていてコスパの良さにまず驚きました。
頑張ってお手入れしたいと思います。","0","354660-20251105-0451435927",""
"商品レビュー","【 楽天1位受賞★レビュー特典付き 】＼クーポンで最大20％OFF！／眉毛 はさみ ハサミ まゆげ テンプレート 眉毛カット 眉コーム 眉毛セット メンズ 眉そり コーム カミソリ RP1 NP-2F","https://review.rakuten.co.jp/item/1/354660_10001208/epqr-i9a6m-fxayus_1_3623009690/","5","2025/11/04 8:49:47","","全ての道具が揃っていてオトクです！
サイズもコンパクトにまとまっています！","0","354660-20251025-0598033790",""
"商品レビュー","【 楽天1位受賞★レビュー特典付き 】＼クーポンで最大20％OFF！／眉毛 はさみ ハサミ まゆげ テンプレート 眉毛カット 眉コーム 眉毛セット メンズ 眉そり コーム カミソリ RP1 NP-2F","https://review.rakuten.co.jp/item/1/354660_10001208/epqr-i9a6q-7dxs8c_1_3632374458/","5","2025/11/02 11:19:47","","とても使いやすく購入して良かった。
ハサミも切れ味良かったので問題なし。","0","354660-20251031-0495334589",""
"商品レビュー","【 楽天1位受賞★レビュー特典付き 】＼クーポンで最大20％OFF！／眉毛 はさみ ハサミ まゆげ テンプレート 眉毛カット 眉コーム 眉毛セット メンズ 眉そり コーム カミソリ RP1 NP-2F","https://review.rakuten.co.jp/item/1/354660_10001208/epqr-i9a69-9msrjq_1_3592282831/","5","2025/11/01 21:24:09","","ペンシルも揃ってて眉毛揃えるセット揃いすぎてる！","0","354660-20251010-0150730511",""
"商品レビュー","【 楽天1位受賞★レビュー特典付き 】＼クーポンで最大20％OFF！／眉毛 はさみ ハサミ まゆげ テンプレート 眉毛カット 眉コーム 眉毛セット メンズ 眉そり コーム カミソリ RP1 NP-2F","https://review.rakuten.co.jp/item/1/354660_10001208/epqr-i9a6p-xlwcq_2_3629963747/","5","2025/11/01 21:03:24","最高の一品です","眉毛を手入れするために探してました。
黒色のスタイリッシュなパッケージに一目惚れしました。","0","354660-20251029-0054534587",""
"商品レビュー","【 楽天1位受賞★レビュー特典付き 】＼クーポンで最大20％OFF！／眉毛 はさみ ハサミ まゆげ テンプレート 眉毛カット 眉コーム 眉毛セット メンズ 眉そり コーム カミソリ RP1 NP-2F","https://review.rakuten.co.jp/item/1/354660_10001208/epqr-i9a6o-kcr5ec_1_3629102357/","5","2025/10/30 21:36:29","","めちゃくちゃ豪華なセットです。これで1300円は安い。たくさん愛用します","0","354660-20251028-0916534049",""
"商品レビュー","【 楽天1位受賞★レビュー特典付き 】＼クーポンで最大20％OFF！／眉毛 はさみ ハサミ まゆげ テンプレート 眉毛カット 眉コーム 眉毛セット メンズ 眉そり コーム カミソリ RP1 NP-2F","https://review.rakuten.co.jp/item/1/354660_10001208/epqr-i9a6h-io0zd5_1_3609621806/","4","2025/10/23 21:12:40","","早くに届きました。入っていた物も記載通りで安心しました。","0","354660-20251019-0759232026",""
"商品レビュー","【 楽天1位受賞★レビュー特典付き 】＼クーポンで最大20％OFF！／眉毛 はさみ ハサミ まゆげ テンプレート 眉毛カット 眉コーム 眉毛セット メンズ 眉そり コーム カミソリ RP1 NP-2F","https://review.rakuten.co.jp/item/1/354660_10001208/epqr-i9a6f-92r4p0_1_3605879336/","4","2025/10/22 20:42:27","眉毛セット","初めて眉毛セットを買った。
非常に使いやすく助かりました。 
ありがとうございます！！","0","354660-20251017-0143931924",""
"商品レビュー","【 楽天1位受賞★レビュー特典付き 】＼クーポンで最大20％OFF！／眉毛 はさみ ハサミ まゆげ テンプレート 眉毛カット 眉コーム 眉毛セット メンズ 眉そり コーム カミソリ RP1 NP-2F","https://review.rakuten.co.jp/item/1/354660_10001208/epqr-i9a67-2agnfd_1_3603643669/","4","2025/10/18 19:57:39","","自分で眉毛の手入れをしたいと思い、手頃なものを探していました。コスパが良くて満足です。","0","354660-20251016-0788231418",""
"商品レビュー","【 楽天1位受賞★レビュー特典付き 】＼クーポンで最大20％OFF！／眉毛 はさみ ハサミ まゆげ テンプレート 眉毛カット 眉コーム 眉毛セット メンズ 眉そり コーム カミソリ RP1 NP-2F","https://review.rakuten.co.jp/item/1/354660_10001208/epqr-i9a6e-l9mkiu_1_3599039493/","5","2025/10/18 1:07:12","","眉毛のお手入れに必要なものが全部揃ってます。
スケールまで付いてるので結構楽しめそうです。","0","354660-20251015-0971631101",""
"商品レビュー","【 楽天1位受賞★レビュー特典付き 】＼クーポンで最大20％OFF！／眉毛 はさみ ハサミ まゆげ テンプレート 眉毛カット 眉コーム 眉毛セット メンズ 眉そり コーム カミソリ RP1 NP-2F","https://review.rakuten.co.jp/item/1/354660_10001208/epqr-i9at4-2jrsu0_1_3585432052/","5","2025/10/08 15:36:55","","注文して2日後に届きました。早速眉毛をカット。バッチリです。使いやすいですよ。","0","354660-20251006-0810729396",""
"商品レビュー","【 楽天1位受賞★レビュー特典付き 】＼クーポンで最大20％OFF！／眉毛 はさみ ハサミ まゆげ テンプレート 眉毛カット 眉コーム 眉毛セット メンズ 眉そり コーム カミソリ RP1 NP-2F","https://review.rakuten.co.jp/item/1/354660_10001208/epqr-i9a36-cmhqat_1_3565434097/","5","2025/10/04 23:24:31","","たくさんセットになっており、値段もとても安くてお買い得でした！！実際に使ってみたら、眉毛が綺麗に整えられたのでよかったです！早く買えばよかったです！","0","354660-20250928-0331427439",""
"商品レビュー","【 楽天1位受賞★レビュー特典付き 】＼クーポンで最大20％OFF！／眉毛 はさみ ハサミ まゆげ テンプレート 眉毛カット 眉コーム 眉毛セット メンズ 眉そり コーム カミソリ RP1 NP-2F","https://review.rakuten.co.jp/item/1/354660_10001208/epqr-i9atw-lsx29_2_3574834075/","5","2025/10/04 21:31:56","","すごく使いやすかったです。また頼みます！","0","354660-20251003-0028128854",""
"商品レビュー","【 楽天1位受賞★レビュー特典付き 】＼クーポンで最大20％OFF！／眉毛 はさみ ハサミ まゆげ テンプレート 眉毛カット 眉コーム 眉毛セット メンズ 眉そり コーム カミソリ RP1 NP-2F","https://review.rakuten.co.jp/item/1/354660_10001208/epqr-i9a3o-lc30yz_1_3549605323/","4","2025/10/02 18:19:48","","コンパクトでたくさん種類があって使いやすそうです。購入して良かったです♪","0","354660-20250920-0977024519",""
"商品レビュー","【 楽天1位受賞★レビュー特典付き 】＼クーポンで最大20％OFF！／眉毛 はさみ ハサミ まゆげ テンプレート 眉毛カット 眉コーム 眉毛セット メンズ 眉そり コーム カミソリ RP1 NP-2F","https://review.rakuten.co.jp/item/1/354660_10001208/epqr-i9atu-d350qx_1_3571855999/","5","2025/10/02 17:29:39","アイテム","注文して次の日に届きました。ありがとうございます。品物を見て旅行先など持ち歩きできるサイズで満足してます。","0","354660-20251001-0405628124",""
"商品レビュー","【 楽天1位受賞★レビュー特典付き 】＼クーポンで最大20％OFF！／眉毛 はさみ ハサミ まゆげ テンプレート 眉毛カット 眉コーム 眉毛セット メンズ 眉そり コーム カミソリ RP1 NP-2F","https://review.rakuten.co.jp/item/1/354660_10001208/epqr-i9a3p-d9wmf9_1_3551595062/","5","2025/09/24 20:17:10","","レビューをするだけてプレゼントがもらえるというのは大変素晴らしい案かと思います。","0","354660-20250921-0367624982",""
"商品レビュー","【 楽天1位受賞★レビュー特典付き 】＼クーポンで最大20％OFF！／眉毛 はさみ ハサミ まゆげ テンプレート 眉毛カット 眉コーム 眉毛セット メンズ 眉そり コーム カミソリ RP1 NP-2F","https://review.rakuten.co.jp/item/1/354660_10001208/epqr-i9a3k-eouhoe_1_3538420702/","5","2025/09/21 23:11:13","","商品も到着して使用しました。
一通りセットが揃ってるので、
眉の手入れは困らないと思います．","0","354660-20250915-0458223559",""
"商品レビュー","【 楽天1位受賞★レビュー特典付き 】＼クーポンで最大20％OFF！／眉毛 はさみ ハサミ まゆげ テンプレート 眉毛カット 眉コーム 眉毛セット メンズ 眉そり コーム カミソリ RP1 NP-2F","https://review.rakuten.co.jp/item/1/354660_10001208/epqr-i9a3n-19k0po_1_3545593820/","5","2025/09/21 10:59:50","","この商品は、思った以上に使いやすく、デザインもシンプルで気に入っています。特に、機能性が高く、日常生活で役立っています。購入して本当に良かったです。アドバイスとしては、他のレビューも参考にして、比較検討することをお勧めします。","0","354660-20250919-0245924552",""
"商品レビュー","【 楽天1位受賞★レビュー特典付き 】＼クーポンで最大20％OFF！／眉毛 はさみ ハサミ まゆげ テンプレート 眉毛カット 眉コーム 眉毛セット メンズ 眉そり コーム カミソリ RP1 NP-2F","https://review.rakuten.co.jp/item/1/354660_10001208/epqr-i9a3c-9yliy_3_3505105480/","5","2025/09/07 9:08:50","","しっかりした造りでとてもコスパが良い商品だと思いました。","0","354660-20250905-0004920081",""
"商品レビュー","【 楽天1位受賞★レビュー特典付き 】＼クーポンで最大20％OFF！／眉毛 はさみ ハサミ まゆげ テンプレート 眉毛カット 眉コーム 眉毛セット メンズ 眉そり コーム カミソリ RP1 NP-2F","https://review.rakuten.co.jp/item/1/354660_10001208/epqr-i9aq9-gf8gtm_1_3493719984/","4","2025/09/04 12:28:53","","色々種類はありますが使うものは限られると思います。が、コスパは良かったので満足です","0","354660-20250830-0620818685",""
"商品レビュー","【 楽天1位受賞★レビュー特典付き 】＼クーポンで最大20％OFF！／眉毛 はさみ ハサミ まゆげ テンプレート 眉毛カット 眉コーム 眉毛セット メンズ 眉そり コーム カミソリ RP1 NP-2F","https://review.rakuten.co.jp/item/1/354660_10001208/epqr-i9a8z-ecj9td_1_3489276554/","5","2025/09/01 17:41:32","","似たような商品を他のサイトで見た時レビューに「コーム付きハサミのコームがすぐに取れて使えなかった」と見て心配していたけど、この商品は大丈夫そうでよかったです","0","354660-20250827-0432318066",""
"商品レビュー","【 楽天1位受賞★レビュー特典付き 】＼クーポンで最大20％OFF！／眉毛 はさみ ハサミ まゆげ テンプレート 眉毛カット 眉コーム 眉毛セット メンズ 眉そり コーム カミソリ RP1 NP-2F","https://review.rakuten.co.jp/item/1/354660_10001208/epqr-i9a86-uqsgj_2_3473683635/","4","2025/08/22 12:58:03","","たくさんの種類が入ってて利便性が良さそうです。
星一つ減らしたのは 使い始め間もないので耐久性が分からずなので。","0","354660-20250820-0049816022",""
"商品レビュー","【 楽天1位受賞★レビュー特典付き 】＼クーポンで最大20％OFF！／眉毛 はさみ ハサミ まゆげ テンプレート 眉毛カット 眉コーム 眉毛セット メンズ 眉そり コーム カミソリ RP1 NP-2F","https://review.rakuten.co.jp/item/1/354660_10001208/epqr-i9a85-in3vxo_1_3459681287/","5","2025/08/14 0:23:50","","コスパ最高だと思います。色々な道具は入っていますし、コンパクトで使いやすいです。眉毛は勿論、髭にも使えると思います。","0","354660-20250810-0758713268",""
"商品レビュー","【 楽天1位受賞★レビュー特典付き 】＼クーポンで最大20％OFF！／眉毛 はさみ ハサミ まゆげ テンプレート 眉毛カット 眉コーム 眉毛セット メンズ 眉そり コーム カミソリ RP1 NP-2F","https://review.rakuten.co.jp/item/1/354660_10001208/epqr-i9aof-7ft9wo_1_3431925620/","5","2025/08/08 17:16:40","","今まで眉毛整えるのに使ってた物が紛失してしまった為購入。色々入ってて使うのが楽しいです。","0","354660-20250729-0500109392",""
"商品レビュー","【 楽天1位受賞★レビュー特典付き 】＼クーポンで最大20％OFF！／眉毛 はさみ ハサミ まゆげ テンプレート 眉毛カット 眉コーム 眉毛セット メンズ 眉そり コーム カミソリ RP1 NP-2F","https://review.rakuten.co.jp/item/1/354660_10001208/epqr-i9anm-bzhb7i_1_3370701258/","4","2025/07/24 7:40:17","","使っていた眉ハサミが壊れてしまったので探していたところ、こちらのセットを見つけました。
これだけついててこのお値段はお得ですね。
ハサミの動きが少し硬いですが、使っているうちに馴染んでくれたらいいなと思います。","0","354660-20250701-0240702492",""
"商品レビュー","【 楽天1位受賞★レビュー特典付き 】＼クーポンで最大20％OFF！／眉毛 はさみ ハサミ まゆげ テンプレート 眉毛カット 眉コーム 眉毛セット メンズ 眉そり コーム カミソリ RP1 NP-2F","https://review.rakuten.co.jp/item/1/354660_10001208/epqr-i9aoa-lg2zhz_1_3416261218/","5","2025/07/23 13:40:45","","早い発送で助かります。
商品も問題なく使えているので良いと思いました。","0","354660-20250721-0984907295",""
"商品レビュー","【 楽天1位受賞★レビュー特典付き 】＼クーポンで最大20％OFF！／眉毛 はさみ ハサミ まゆげ テンプレート 眉毛カット 眉コーム 眉毛セット メンズ 眉そり コーム カミソリ RP1 NP-2F","https://review.rakuten.co.jp/item/1/354660_10001208/epqr-i9an4-b1u655_1_3408992213/","5","2025/07/21 21:40:25","","注文から発送が早く、助かります！
眉毛を自分であまり手入れしないけど、ガイドとかあるので、できそうな気がします！
これから使うので、楽しみです。","0","354660-20250718-0189506970",""
"商品レビュー","【 楽天1位受賞★レビュー特典付き 】＼クーポンで最大20％OFF！／眉毛 はさみ ハサミ まゆげ テンプレート 眉毛カット 眉コーム 眉毛セット メンズ 眉そり コーム カミソリ RP1 NP-2F","https://review.rakuten.co.jp/item/1/354660_10001208/epqr-i9amh-dsxwh7_1_3350911994/","5","2025/06/24 14:10:54","","お値段リーズナブルなのに色々入っていてお得感満載&#127568;","0","354660-20250623-0408000644",""
"商品レビュー","【 楽天1位受賞★レビュー特典付き 】＼クーポンで最大20％OFF！／眉毛 はさみ ハサミ まゆげ テンプレート 眉毛カット 眉コーム 眉毛セット メンズ 眉そり コーム カミソリ RP1 NP-2F","https://review.rakuten.co.jp/item/1/354660_10001208/epqr-i9amd-87n0f_2_3340677158/","5","2025/06/22 5:10:10","","ケースもしっかりしていて、色々なアイテムがまとまっていて嬉しい","0","354660-20250618-0037349433",""
"商品レビュー","【 楽天1位受賞★レビュー特典付き 】＼クーポンで最大20％OFF！／眉毛 はさみ ハサミ まゆげ テンプレート 眉毛カット 眉コーム 眉毛セット メンズ 眉そり コーム カミソリ RP1 NP-2F","https://review.rakuten.co.jp/item/1/354660_10001208/epqr-i9al4-72w6q6_1_3326433906/","4","2025/06/21 16:05:58","迷ってるなら買うべき。","必要なものが揃ってますので、何を買うか迷ってる方にとてもおすすめしたいです。","0","354660-20250610-0507047896",""
"商品レビュー","【 楽天1位受賞★レビュー特典付き 】＼クーポンで最大20％OFF！／眉毛 はさみ ハサミ まゆげ テンプレート 眉毛カット 眉コーム 眉毛セット メンズ 眉そり コーム カミソリ RP1 NP-2F","https://review.rakuten.co.jp/item/1/354660_10001208/epqr-i9al4-f71p36_1_3322115552/","5","2025/06/12 16:09:01","","セットで入っていてお得に感じました。。。","0","354660-20250610-0557847280",""
"商品レビュー","【 楽天1位受賞★レビュー特典付き 】＼クーポンで最大20％OFF！／眉毛 はさみ ハサミ まゆげ テンプレート 眉毛カット 眉コーム 眉毛セット メンズ 眉そり コーム カミソリ RP1 NP-2F","https://review.rakuten.co.jp/item/1/354660_10001208/epqr-i9al6-hsyd0f_1_3299986534/","5","2025/06/09 13:43:48","満足です","おっさんになって何か眉毛の毛の長さが長くなった部分がある気がするんで、手入れ用に購入。
これだけ揃ってたら満足です。","0","354660-20250604-0710345385",""
"商品レビュー","【 楽天1位受賞★レビュー特典付き 】＼クーポンで最大20％OFF！／眉毛 はさみ ハサミ まゆげ テンプレート 眉毛カット 眉コーム 眉毛セット メンズ 眉そり コーム カミソリ RP1 NP-2F","https://review.rakuten.co.jp/item/1/354660_10001208/epqr-i9alu-iq2gwa_1_3307821862/","5","2025/06/09 10:23:34","とても満足！！","思っていたよりしっかりしたケースでした。たくさんあるので全部使えるかわかりませんがコスパいい商品です。
眉毛テンプレも収納するスペースあれば完璧でした。","0","354660-20250605-0764845885",""
"商品レビュー","【 楽天1位受賞★レビュー特典付き 】＼クーポンで最大20％OFF！／眉毛 はさみ ハサミ まゆげ テンプレート 眉毛カット 眉コーム 眉毛セット メンズ 眉そり コーム カミソリ RP1 NP-2F","https://review.rakuten.co.jp/item/1/354660_10001208/epqr-i9alu-dits1u_1_3306428750/","4","2025/06/09 6:49:12","良い買い物でした。","今回、息子用に購入しました。
レビューにもありましたが、価格の割に内容が充実しており大変満足しております。
ハサミ等の切れ味も良く、使いやすいと息子が言っておりました。
ただ、毛抜きの挟む部分にも塗装がされている為、毛を掴んでもなかなか抜き辛いようです。
なので、星を4つにさせて頂きました。","0","354660-20250605-0384246029",""
"商品レビュー","【 楽天1位受賞★レビュー特典付き 】＼クーポンで最大20％OFF！／眉毛 はさみ ハサミ まゆげ テンプレート 眉毛カット 眉コーム 眉毛セット メンズ 眉そり コーム カミソリ RP1 NP-2F","https://review.rakuten.co.jp/item/1/354660_10001208/epqr-i9alw-d5vivj_1_3313915125/","5","2025/06/08 16:48:03","","ケースも中身もイメージ通り、使いやすい感じです","0","354660-20250607-0394446470",""
"商品レビュー","【 楽天1位受賞★レビュー特典付き 】＼クーポンで最大20％OFF！／眉毛 はさみ ハサミ まゆげ テンプレート 眉毛カット 眉コーム 眉毛セット メンズ 眉そり コーム カミソリ RP1 NP-2F","https://review.rakuten.co.jp/item/1/354660_10001208/epqr-i9aj3-i94b7v_1_3287995801/","4","2025/06/02 22:38:00","","息子用に購入しました。学生なのにと思いましたが、いろんな種類がありどうやって使っていいかわからない様子でしたが、見よう見まねで毎日奮闘してます。使っている姿は、嬉しそうに使っているので、購入して正解でした。","0","354660-20250529-0730543854",""
"商品レビュー","【 楽天1位受賞★レビュー特典付き 】＼クーポンで最大20％OFF！／眉毛 はさみ ハサミ まゆげ テンプレート 眉毛カット 眉コーム 眉毛セット メンズ 眉そり コーム カミソリ RP1 NP-2F","https://review.rakuten.co.jp/item/1/354660_10001208/epqr-i9aj3-j8bo0d_1_3288769102/","4","2025/05/31 10:55:08","","早速使ってみました！初めての眉ケアですが、これなら定期的に行うことができそうです！","0","354660-20250529-0883643910",""
"商品レビュー","【 楽天1位受賞★レビュー特典付き 】＼クーポンで最大20％OFF！／眉毛 はさみ ハサミ まゆげ テンプレート 眉毛カット 眉コーム 眉毛セット メンズ 眉そり コーム カミソリ RP1 NP-2F","https://review.rakuten.co.jp/item/1/354660_10001208/epqr-i9ajp-if03fp_1_3280776384/","5","2025/05/27 19:38:03","","到着が早く、これから使うのが楽しみです！","0","354660-20250525-0740743401",""
"商品レビュー","【 楽天1位受賞★レビュー特典付き 】＼クーポンで最大20％OFF！／眉毛 はさみ ハサミ まゆげ テンプレート 眉毛カット 眉コーム 眉毛セット メンズ 眉そり コーム カミソリ RP1 NP-2F","https://review.rakuten.co.jp/item/1/354660_10001208/epqr-i9ajd-irmxn6_1_3244171746/","4","2025/05/17 13:11:28","コスパよい","色んな道具があって、使わないものもありそうですが、必要なものは揃っていると思います","0","354660-20250510-0766740232",""
"商品レビュー","【 楽天1位受賞★レビュー特典付き 】＼クーポンで最大20％OFF！／眉毛 はさみ ハサミ まゆげ テンプレート 眉毛カット 眉コーム 眉毛セット メンズ 眉そり コーム カミソリ RP1 NP-2F","https://review.rakuten.co.jp/item/1/354660_10001208/epqr-i9ajd-32y3c_2_3245365149/","5","2025/05/13 19:54:11","","十分使えます。
配送も迅速にしていただいたのですぐに届きました。
満足しています。","0","354660-20250510-0042640601",""
"商品レビュー","【 楽天1位受賞★レビュー特典付き 】＼クーポンで最大20％OFF！／眉毛 はさみ ハサミ まゆげ テンプレート 眉毛カット 眉コーム 眉毛セット メンズ 眉そり コーム カミソリ RP1 NP-2F","https://review.rakuten.co.jp/item/1/354660_10001208/epqr-i9ah4-ig6xfm_1_3226209856/","5","2025/05/01 19:20:26","","この値段で全てのものが揃うのは、他にはない","0","354660-20250430-0743738453",""
"商品レビュー","【 楽天1位受賞★レビュー特典付き 】＼クーポンで最大20％OFF！／眉毛 はさみ ハサミ まゆげ テンプレート 眉毛カット 眉コーム 眉毛セット メンズ 眉そり コーム カミソリ RP1 NP-2F","https://review.rakuten.co.jp/item/1/354660_10001208/epqr-i9ahu-di5z7f_1_3217418096/","5","2025/04/27 18:47:26","息子用に購入","息子用に購入しました。
ケースもしっかりしていて満足です","0","354660-20250425-0383837913",""
"商品レビュー","【 楽天1位受賞★レビュー特典付き 】＼クーポンで最大20％OFF！／眉毛 はさみ ハサミ まゆげ テンプレート 眉毛カット 眉コーム 眉毛セット メンズ 眉そり コーム カミソリ RP1 NP-2F","https://review.rakuten.co.jp/item/1/354660_10001208/epqr-i9ahr-7gg4g3_1_3206310582/","5","2025/04/22 19:30:22","","商品たいへん満足しております。
ありがとうございました。","0","354660-20250420-0501036577",""
"商品レビュー","【 楽天1位受賞★レビュー特典付き 】＼クーポンで最大20％OFF！／眉毛 はさみ ハサミ まゆげ テンプレート 眉毛カット 眉コーム 眉毛セット メンズ 眉そり コーム カミソリ RP1 NP-2F","https://review.rakuten.co.jp/item/1/354660_10001208/epqr-i9ahp-2uwk3j_1_3200497467/","5","2025/04/19 16:40:43","","コンパクトで持ち運びやすそうです。
カラーも黒一色で素敵です。","0","354660-20250417-0836235842",""
"商品レビュー","【 楽天1位受賞★レビュー特典付き 】＼クーポンで最大20％OFF！／眉毛 はさみ ハサミ まゆげ テンプレート 眉毛カット 眉コーム 眉毛セット メンズ 眉そり コーム カミソリ RP1 NP-2F","https://review.rakuten.co.jp/item/1/354660_10001208/epqr-i9a7p-a7nvcc_2_3113465550/","4","2025/04/14 14:23:32","","高校生の息子用に購入しました。使いやすく満足してます。ただ、眉毛テンプレートがついてるのですが、これを入れるポケットなどが付いてると１つにまとめておけていいな～と思い、星４つです。","0","354660-20250309-0074828633",""
"商品レビュー","【 楽天1位受賞★レビュー特典付き 】＼クーポンで最大20％OFF！／眉毛 はさみ ハサミ まゆげ テンプレート 眉毛カット 眉コーム 眉毛セット メンズ 眉そり コーム カミソリ RP1 NP-2F","https://review.rakuten.co.jp/item/1/354660_10001208/epqr-i9afc-lflev5_1_3157921323/","4","2025/04/01 14:34:56","","値段も安くてコンパクトで使いやすいしセット数も多くてありがたい","0","354660-20250329-0983332026",""
"商品レビュー","【 楽天1位受賞★レビュー特典付き 】＼クーポンで最大20％OFF！／眉毛 はさみ ハサミ まゆげ テンプレート 眉毛カット 眉コーム 眉毛セット メンズ 眉そり コーム カミソリ RP1 NP-2F","https://review.rakuten.co.jp/item/1/354660_10001208/epqr-i9afa-1yrkj8_1_3151542566/","5","2025/03/30 14:31:59","これは良い眉毛ハサミ","これだけ入ってこの値段！
ハサミの切れが良く使いやすい！
テンプレートで素人でも安心！","0","354660-20250325-0298431742",""
"商品レビュー","【 楽天1位受賞★レビュー特典付き 】＼クーポンで最大20％OFF！／眉毛 はさみ ハサミ まゆげ テンプレート 眉毛カット 眉コーム 眉毛セット メンズ 眉そり コーム カミソリ RP1 NP-2F","https://review.rakuten.co.jp/item/1/354660_10001208/epqr-i9af9-iwo67c_1_3153560918/","4","2025/03/29 19:11:21","","非常にしっかりした商品で買ってよかった。","0","354660-20250326-0778631909",""
"商品レビュー","【 楽天1位受賞★レビュー特典付き 】＼クーポンで最大20％OFF！／眉毛 はさみ ハサミ まゆげ テンプレート 眉毛カット 眉コーム 眉毛セット メンズ 眉そり コーム カミソリ RP1 NP-2F","https://review.rakuten.co.jp/item/1/354660_10001208/epqr-i9ad1-jyt73k_1_3073302558/","4","2025/03/22 12:52:33","セットで便利です。","おおむね満足してます。ただ一点ハサミが硬く動かすのに少し力がいるが少し使いづらいです。","0","354660-20250220-0903224787",""
"商品レビュー","【 楽天1位受賞★レビュー特典付き 】＼クーポンで最大20％OFF！／眉毛 はさみ ハサミ まゆげ テンプレート 眉毛カット 眉コーム 眉毛セット メンズ 眉そり コーム カミソリ RP1 NP-2F","https://review.rakuten.co.jp/item/1/354660_10001208/epqr-i9a76-bzoffi_1_3132176353/","5","2025/03/19 17:58:53","","高校生の息子に購入しました。
見た目もサイズ感もよく、内容も良かったようで喜んでいました。
ありがとうございました。","0","354660-20250316-0241130208",""
"商品レビュー","【 楽天1位受賞★レビュー特典付き 】＼クーポンで最大20％OFF！／眉毛 はさみ ハサミ まゆげ テンプレート 眉毛カット 眉コーム 眉毛セット メンズ 眉そり コーム カミソリ RP1 NP-2F","https://review.rakuten.co.jp/item/1/354660_10001208/epqr-i9a75-kltaen_1_3106303347/","4","2025/03/10 7:38:01","","以前、持っていたものよりも道具が多く、まだ全部使っていないが楽しみ","0","354660-20250306-0935127775",""
"商品レビュー","【 楽天1位受賞★レビュー特典付き 】＼クーポンで最大20％OFF！／眉毛 はさみ ハサミ まゆげ テンプレート 眉毛カット 眉コーム 眉毛セット メンズ 眉そり コーム カミソリ RP1 NP-2F","https://review.rakuten.co.jp/item/1/354660_10001208/epqr-i9a7m-bvfl0j_1_3103671057/","5","2025/03/10 2:59:54","素晴らしい","ケアが容易になりました。
きれいに収納できるのも嬉しいです。","0","354660-20250305-0232227662",""
"商品レビュー","【 楽天1位受賞★レビュー特典付き 】＼クーポンで最大20％OFF！／眉毛 はさみ ハサミ まゆげ テンプレート 眉毛カット 眉コーム 眉毛セット メンズ 眉そり コーム カミソリ RP1 NP-2F","https://review.rakuten.co.jp/item/1/354660_10001208/epqr-i9a7m-k7u4i2_1_3098858906/","4","2025/03/06 18:21:33","","息子の眉毛を整えるために買ってみました。
ケースが思ってたよりコンパクトでした。
プレートを入れるポケットがないので 無くさなさいように気をつけないといけない。","0","354660-20250305-0921827101",""
"商品レビュー","【 楽天1位受賞★レビュー特典付き 】＼クーポンで最大20％OFF！／眉毛 はさみ ハサミ まゆげ テンプレート 眉毛カット 眉コーム 眉毛セット メンズ 眉そり コーム カミソリ RP1 NP-2F","https://review.rakuten.co.jp/item/1/354660_10001208/epqr-i9a72-dsj1ru_1_3087447509/","5","2025/03/04 20:30:21","","この価格とは思えないくらい充実していて、また使いやすくとても満足です
発送も迅速で注文して二日で届いてとても感謝です
ありがとうございました","0","354660-20250301-0407126333",""
"商品レビュー","【 楽天1位受賞★レビュー特典付き 】＼クーポンで最大20％OFF！／眉毛 はさみ ハサミ まゆげ テンプレート 眉毛カット 眉コーム 眉毛セット メンズ 眉そり コーム カミソリ RP1 NP-2F","https://review.rakuten.co.jp/item/1/354660_10001208/epqr-i9a7j-hmrnmh_1_3088488999/","5","2025/03/04 18:47:22","","ものすごく早く届き驚きました。大変助かりました。また何かありましたらお願いしたいと思います。","0","354660-20250302-0694826399",""
"商品レビュー","【 楽天1位受賞★レビュー特典付き 】＼クーポンで最大20％OFF！／眉毛 はさみ ハサミ まゆげ テンプレート 眉毛カット 眉コーム 眉毛セット メンズ 眉そり コーム カミソリ RP1 NP-2F","https://review.rakuten.co.jp/item/1/354660_10001208/epqr-i9acv-ka857p_1_3053576992/","4","2025/03/03 8:08:02","","種類が多く、使い分けが出来てとても便利です。","0","354660-20250210-0909722325",""
"商品レビュー","【 楽天1位受賞★レビュー特典付き 】＼クーポンで最大20％OFF！／眉毛 はさみ ハサミ まゆげ テンプレート 眉毛カット 眉コーム 眉毛セット メンズ 眉そり コーム カミソリ RP1 NP-2F","https://review.rakuten.co.jp/item/1/354660_10001208/epqr-i9acz-i77ju5_1_3059921810/","5","2025/02/26 8:07:07","","全て揃っているので家族みんなで使えそうです。","0","354660-20250215-0739423494",""
"商品レビュー","【 楽天1位受賞★レビュー特典付き 】＼クーポンで最大20％OFF！／眉毛 はさみ ハサミ まゆげ テンプレート 眉毛カット 眉コーム 眉毛セット メンズ 眉そり コーム カミソリ RP1 NP-2F","https://review.rakuten.co.jp/item/1/354660_10001208/epqr-i9ad1-1hauas_1_3070839337/","4","2025/02/25 21:28:26","","この値段でこれだけのセットでとても良かったです。","0","354660-20250220-0260424782",""
"商品レビュー","【 楽天1位受賞★レビュー特典付き 】＼クーポンで最大20％OFF！／眉毛 はさみ ハサミ まゆげ テンプレート 眉毛カット 眉コーム 眉毛セット メンズ 眉そり コーム カミソリ RP1 NP-2F","https://review.rakuten.co.jp/item/1/354660_10001208/epqr-i9adb-daohlm_1_3067410473/","4","2025/02/23 23:18:28","","注文後、迅速に対応いただき、すぐに到着しました。
使用はこれからですが、今のところ満足です","0","354660-20250219-0365424641",""
"商品レビュー","【 楽天1位受賞★レビュー特典付き 】＼クーポンで最大20％OFF！／眉毛 はさみ ハサミ まゆげ テンプレート 眉毛カット 眉コーム 眉毛セット メンズ 眉そり コーム カミソリ RP1 NP-2F","https://review.rakuten.co.jp/item/1/354660_10001208/epqr-i9acz-kgxxaq_1_3060638498/","4","2025/02/18 23:00:28","","値段以上に使いやすい。
この内容なら相当高コスパといえる。","0","354660-20250215-0925323323",""
"商品レビュー","【 楽天1位受賞★レビュー特典付き 】＼クーポンで最大20％OFF！／眉毛 はさみ ハサミ まゆげ テンプレート 眉毛カット 眉コーム 眉毛セット メンズ 眉そり コーム カミソリ RP1 NP-2F","https://review.rakuten.co.jp/item/1/354660_10001208/epqr-i9acv-gek9rt_1_3052666829/","5","2025/02/16 17:37:43","男女兼用です。","問い合わせを迅速に対応して下さいました。","0","354660-20250210-0617122395",""
"商品レビュー","【 楽天1位受賞★レビュー特典付き 】＼クーポンで最大20％OFF！／眉毛 はさみ ハサミ まゆげ テンプレート 眉毛カット 眉コーム 眉毛セット メンズ 眉そり コーム カミソリ RP1 NP-2F","https://review.rakuten.co.jp/item/1/354660_10001208/epqr-i9ac3-1wgmcz_1_3041567993/","4","2025/02/15 13:47:54","","いままで使ってたやつがいかに粗悪品かわかりました。この内容物でこの値段はアリです。","0","354660-20250205-0294421607",""
"商品レビュー","【 楽天1位受賞★レビュー特典付き 】＼クーポンで最大20％OFF！／眉毛 はさみ ハサミ まゆげ テンプレート 眉毛カット 眉コーム 眉毛セット メンズ 眉そり コーム カミソリ RP1 NP-2F","https://review.rakuten.co.jp/item/1/354660_10001208/epqr-i9ac3-dhye0g_1_3040730881/","5","2025/02/09 11:20:15","","種類も多く、今後色々使ってみようと思う！","0","354660-20250205-0382821562",""
"商品レビュー","【 楽天1位受賞★レビュー特典付き 】＼クーポンで最大20％OFF！／眉毛 はさみ ハサミ まゆげ テンプレート 眉毛カット 眉コーム 眉毛セット メンズ 眉そり コーム カミソリ RP1 NP-2F","https://review.rakuten.co.jp/item/1/354660_10001208/epqr-i9abn-e18fcw_1_3022465460/","4","2025/02/05 14:42:38","","いっぱい道具が揃っていて、プロっぽい笑
ケースがしっかりしていてぱっと見眉毛整えセットが入っているとは思わない。
良い買い物をしたと思います。","0","354660-20250127-0431020003",""
"商品レビュー","【 楽天1位受賞★レビュー特典付き 】＼クーポンで最大20％OFF！／眉毛 はさみ ハサミ まゆげ テンプレート 眉毛カット 眉コーム 眉毛セット メンズ 眉そり コーム カミソリ RP1 NP-2F","https://review.rakuten.co.jp/item/1/354660_10001208/epqr-i9acp-fmyrn1_1_3030208112/","5","2025/02/03 16:39:56","","ケースが意外とカッコよくてペンが入ってるのが嬉しかったです。","0","354660-20250201-0574320496",""
"商品レビュー","【 楽天1位受賞★レビュー特典付き 】＼クーポンで最大20％OFF！／眉毛 はさみ ハサミ まゆげ テンプレート 眉毛カット 眉コーム 眉毛セット メンズ 眉そり コーム カミソリ RP1 NP-2F","https://review.rakuten.co.jp/item/1/354660_10001208/epqr-i9abe-isygi6_1_2996076729/","5","2025/02/03 8:42:15","","届くのもはやく品物も満足なしょうひんでした。","0","354660-20250115-0770817196",""
"商品レビュー","【 楽天1位受賞★レビュー特典付き 】＼クーポンで最大20％OFF！／眉毛 はさみ ハサミ まゆげ テンプレート 眉毛カット 眉コーム 眉毛セット メンズ 眉そり コーム カミソリ RP1 NP-2F","https://review.rakuten.co.jp/item/1/354660_10001208/epqr-i9abd-j8mzj9_1_2993022004/","5","2025/01/31 12:34:31","","充実した内容で、使いやすく大変満足してます。","0","354660-20250114-0884317034",""
"商品レビュー","【 楽天1位受賞★レビュー特典付き 】＼クーポンで最大20％OFF！／眉毛 はさみ ハサミ まゆげ テンプレート 眉毛カット 眉コーム 眉毛セット メンズ 眉そり コーム カミソリ RP1 NP-2F","https://review.rakuten.co.jp/item/1/354660_10001208/epqr-i9abm-f9crge_1_3015725059/","5","2025/01/30 3:00:18","","必要なもの一式揃っていて便利です。ケースもしっかりした物でした。","0","354660-20250125-0547819567",""
"商品レビュー","【 楽天1位受賞★レビュー特典付き 】＼クーポンで最大20％OFF！／眉毛 はさみ ハサミ まゆげ テンプレート 眉毛カット 眉コーム 眉毛セット メンズ 眉そり コーム カミソリ RP1 NP-2F","https://review.rakuten.co.jp/item/1/354660_10001208/epqr-i9ab9-l1hnv4_1_2982242951/","4","2025/01/29 10:48:58","","コンパクトで収納しやすく、欲しいものが揃っていたので、良かったです。","0","354660-20250110-0974716234",""
"商品レビュー","【 楽天1位受賞★レビュー特典付き 】＼クーポンで最大20％OFF！／眉毛 はさみ ハサミ まゆげ テンプレート 眉毛カット 眉コーム 眉毛セット メンズ 眉そり コーム カミソリ RP1 NP-2F","https://review.rakuten.co.jp/item/1/354660_10001208/epqr-i9ab1-135mar_1_2990727340/","4","2025/01/26 21:07:37","","刃物全て試しに使ってみましたが切れ味はしっかりありました
特に不良品もなく普通に使えてます","0","354660-20250112-0284717004",""
"商品レビュー","【 楽天1位受賞★レビュー特典付き 】＼クーポンで最大20％OFF！／眉毛 はさみ ハサミ まゆげ テンプレート 眉毛カット 眉コーム 眉毛セット メンズ 眉そり コーム カミソリ RP1 NP-2F","https://review.rakuten.co.jp/item/1/354660_10001208/epqr-i9abi-c0awod_1_3007957920/","4","2025/01/23 20:29:18","眉毛の手入れを初めてする人におすすめ","リーズナブルでコスパ良かったです。
一通り揃っていて普通に使えるので良かったです。","0","354660-20250120-0302418438",""
"商品レビュー","【 楽天1位受賞★レビュー特典付き 】＼クーポンで最大20％OFF！／眉毛 はさみ ハサミ まゆげ テンプレート 眉毛カット 眉コーム 眉毛セット メンズ 眉そり コーム カミソリ RP1 NP-2F","https://review.rakuten.co.jp/item/1/354660_10001208/epqr-i9ab9-aloyf7_2_2981881567/","5","2025/01/18 0:24:38","","元々はテンプレートを探していただけでした。でも、これだけたくさん入ってこの値段ならと、こちらのセットを購入してみました。
実物は予想を良い意味で裏切る、しっかりした作りの道具たちでした。私は結局はテンプレートしか使わないのだけれど(笑)
でもそれ以外の道具もお探しの方は、購入して後悔しないと思います","0","354660-20250110-0088316252",""
"商品レビュー","【 楽天1位受賞★レビュー特典付き 】＼クーポンで最大20％OFF！／眉毛 はさみ ハサミ まゆげ テンプレート 眉毛カット 眉コーム 眉毛セット メンズ 眉そり コーム カミソリ RP1 NP-2F","https://review.rakuten.co.jp/item/1/354660_10001208/epqr-iav93-1qepav_1_2796906239/","4","2025/01/05 19:26:18","","たくさんいろいろ入っていて、使わなそうなものもありましたが安かったので満足です！","0","354660-20241025-0280849746",""
"商品レビュー","【 楽天1位受賞★レビュー特典付き 】＼クーポンで最大20％OFF！／眉毛 はさみ ハサミ まゆげ テンプレート 眉毛カット 眉コーム 眉毛セット メンズ 眉そり コーム カミソリ RP1 NP-2F","https://review.rakuten.co.jp/item/1/354660_10001208/epqr-iav70-d4kdpo_1_2933373737/","5","2024/12/30 19:18:17","","コスパが良いと思います。
セットでこの金額、家で使用するために今回購入しました。","0","354660-20241216-0420612392",""
"商品レビュー","【 楽天1位受賞★レビュー特典付き 】＼クーポンで最大20％OFF！／眉毛 はさみ ハサミ まゆげ テンプレート 眉毛カット 眉コーム 眉毛セット メンズ 眉そり コーム カミソリ RP1 NP-2F","https://review.rakuten.co.jp/item/1/354660_10001208/epqr-iav7f-cyftsj_1_2954547446/","4","2024/12/27 21:00:34","","すべてそろっていてるから初心者でも使えてよかった","0","354660-20241225-0358214054",""
"商品レビュー","【 楽天1位受賞★レビュー特典付き 】＼クーポンで最大20％OFF！／眉毛 はさみ ハサミ まゆげ テンプレート 眉毛カット 眉コーム 眉毛セット メンズ 眉そり コーム カミソリ RP1 NP-2F","https://review.rakuten.co.jp/item/1/354660_10001208/epqr-iav7f-knxiab_1_2953160652/","5","2024/12/26 20:23:41","丁寧な梱包","社会貢献の高い企業だと思います。
今後も応援します。","0","354660-20241225-0940413927",""
"商品レビュー","【 楽天1位受賞★レビュー特典付き 】＼クーポンで最大20％OFF！／眉毛 はさみ ハサミ まゆげ テンプレート 眉毛カット 眉コーム 眉毛セット メンズ 眉そり コーム カミソリ RP1 NP-2F","https://review.rakuten.co.jp/item/1/354660_10001208/epqr-iav7e-adbqd6_2_2950046916/","5","2024/12/26 7:02:30","一式全て揃います．","年末年始実家に帰省用で購入しました。
一式全て揃っているので、安心です。
眉毛のテンプレートがかなりいいです。","0","354660-20241223-0070713892",""
"商品レビュー","【 楽天1位受賞★レビュー特典付き 】＼クーポンで最大20％OFF！／眉毛 はさみ ハサミ まゆげ テンプレート 眉毛カット 眉コーム 眉毛セット メンズ 眉そり コーム カミソリ RP1 NP-2F","https://review.rakuten.co.jp/item/1/354660_10001208/epqr-iav7a-gig8dx_1_2934180464/","5","2024/12/24 16:28:56","","アイテム数が多いので品質は悪いのかと思っていましたが、
それぞれ不自由なく使えたので満足しています。","0","354660-20241217-0625312472",""
"商品レビュー","【 楽天1位受賞★レビュー特典付き 】＼クーポンで最大20％OFF！／眉毛 はさみ ハサミ まゆげ テンプレート 眉毛カット 眉コーム 眉毛セット メンズ 眉そり コーム カミソリ RP1 NP-2F","https://review.rakuten.co.jp/item/1/354660_10001208/epqr-iavey-hwn8kn_1_2926788089/","5","2024/12/16 8:34:55","","子どもの眉毛を整えるために購入！
ハサミもカミソリも切れ味良かったです。
まとめて収納できるのがとても便利でいいですね。","0","354660-20241213-0718111567",""
"商品レビュー","【 楽天1位受賞★レビュー特典付き 】＼クーポンで最大20％OFF！／眉毛 はさみ ハサミ まゆげ テンプレート 眉毛カット 眉コーム 眉毛セット メンズ 眉そり コーム カミソリ RP1 NP-2F","https://review.rakuten.co.jp/item/1/354660_10001208/epqr-iavcm-f17jm1_1_2869003832/","4","2024/12/01 12:15:15","","色々入っており、便利です。ケース付きなのも良かったです。","0","354660-20241125-0551306056",""
"商品レビュー","【 楽天1位受賞★レビュー特典付き 】＼クーポンで最大20％OFF！／眉毛 はさみ ハサミ まゆげ テンプレート 眉毛カット 眉コーム 眉毛セット メンズ 眉そり コーム カミソリ RP1 NP-2F","https://review.rakuten.co.jp/item/1/354660_10001208/epqr-iavc0-2r65us_1_2826506168/","3","2024/11/13 12:10:41","商品以外の部分で…","商品は良かったです。
ただ封筒に商品名を記載するのはやめて欲しい。 
シャイな男心ですね。","0","354660-20241108-0827701838",""
"商品レビュー","【 楽天1位受賞★レビュー特典付き 】＼クーポンで最大20％OFF！／眉毛 はさみ ハサミ まゆげ テンプレート 眉毛カット 眉コーム 眉毛セット メンズ 眉そり コーム カミソリ RP1 NP-2F","https://review.rakuten.co.jp/item/1/354660_10001208/epqr-iav9d-cyipsc_1_2760268264/","4","2024/10/28 1:03:38","","今まではバラで購入していましたが
これはセットになってることでまとめて置いておけるので便利
テンプレートを収納できるようにして欲しいです。","0","354660-20241006-0358346237",""
"商品レビュー","【 楽天1位受賞★レビュー特典付き 】＼クーポンで最大20％OFF！／眉毛 はさみ ハサミ まゆげ テンプレート 眉毛カット 眉コーム 眉毛セット メンズ 眉そり コーム カミソリ RP1 NP-2F","https://review.rakuten.co.jp/item/1/354660_10001208/epqr-iav98-f2vjni_1_2790216989/","5","2024/10/27 12:29:55","","使いやすく、持ち運びしやすい大きさです。
セットになったものを購入したことがなかったので、今回購入しました。
まだ1回しか使ったことないですが、しっかりと使っていこうと思います。","0","354660-20241022-0567449112",""
"商品レビュー","【 楽天1位受賞★レビュー特典付き 】＼クーポンで最大20％OFF！／眉毛 はさみ ハサミ まゆげ テンプレート 眉毛カット 眉コーム 眉毛セット メンズ 眉そり コーム カミソリ RP1 NP-2F","https://review.rakuten.co.jp/item/1/354660_10001208/epqr-iav93-ggl4ra_1_2794275239/","5","2024/10/27 6:34:42","コンパクト","なかなか良い商品です
コンパクトで持ち運び
出張、旅行なども大丈夫ですね。
手のひらサイズです。","0","354660-20241025-0622249345",""
"商品レビュー","【 楽天1位受賞★レビュー特典付き 】＼クーポンで最大20％OFF！／眉毛 はさみ ハサミ まゆげ テンプレート 眉毛カット 眉コーム 眉毛セット メンズ 眉そり コーム カミソリ RP1 NP-2F","https://review.rakuten.co.jp/item/1/354660_10001208/epqr-iav97-9odx7j_1_2763200619/","4","2024/10/14 1:29:22","良かった","充実した商品で満足です！デザインもかっこいいです。","0","354660-20241008-0154846382",""
"商品レビュー","【 楽天1位受賞★レビュー特典付き 】＼クーポンで最大20％OFF！／眉毛 はさみ ハサミ まゆげ テンプレート 眉毛カット 眉コーム 眉毛セット メンズ 眉そり コーム カミソリ RP1 NP-2F","https://review.rakuten.co.jp/item/1/354660_10001208/epqr-iauz5-927ad0_1_2711572363/","5","2024/09/18 23:11:21","","セットで揃っており、整え易くてよかったです","0","354660-20240910-0143142120",""
"商品レビュー","【 楽天1位受賞★レビュー特典付き 】＼クーポンで最大20％OFF！／眉毛 はさみ ハサミ まゆげ テンプレート 眉毛カット 眉コーム 眉毛セット メンズ 眉そり コーム カミソリ RP1 NP-2F","https://review.rakuten.co.jp/item/1/354660_10001208/epqr-iauz8-78jd2t_1_2716552246/","5","2024/09/16 14:30:06","","自分で眉を整えてみたくなり、初めてなことと何から揃えていけばいいんだろう」を解決してくれそうな商品だと思い購入しました。早く届けてくださりありがとうございます！","0","354660-20240914-0521342415",""
"商品レビュー","【 楽天1位受賞★レビュー特典付き 】＼クーポンで最大20％OFF！／眉毛 はさみ ハサミ まゆげ テンプレート 眉毛カット 眉コーム 眉毛セット メンズ 眉そり コーム カミソリ RP1 NP-2F","https://review.rakuten.co.jp/item/1/354660_10001208/epqr-iauzn-cr00f8_1_2712236715/","4","2024/09/12 23:05:39","","持ち運び便利なサイズ感でこれ一つで身だしなみも整えられます。","0","354660-20240911-0342642010",""
"商品レビュー","【 楽天1位受賞★レビュー特典付き 】＼クーポンで最大20％OFF！／眉毛 はさみ ハサミ まゆげ テンプレート 眉毛カット 眉コーム 眉毛セット メンズ 眉そり コーム カミソリ RP1 NP-2F","https://review.rakuten.co.jp/item/1/354660_10001208/epqr-iauxw-ge1p1a_1_2644773316/","5","2024/08/25 11:21:40","とても良いです。","このセットでこのお値段は非常にお得です。
一つ一つの品物も、良質で、とても使いやすかったです。","0","354660-20240815-0616633057",""
"商品レビュー","【 楽天1位受賞★レビュー特典付き 】＼クーポンで最大20％OFF！／眉毛 はさみ ハサミ まゆげ テンプレート 眉毛カット 眉コーム 眉毛セット メンズ 眉そり コーム カミソリ RP1 NP-2F","https://review.rakuten.co.jp/item/1/354660_10001208/epqr-iauxw-jqytn9_1_2645721043/","5","2024/08/22 19:17:50","","セットですごく使いやすかったです。自分用で、購入しましたが、息子にもプレゼントしょうと思います。","0","354660-20240815-0886732958",""
"商品レビュー","【 楽天1位受賞★レビュー特典付き 】＼クーポンで最大20％OFF！／眉毛 はさみ ハサミ まゆげ テンプレート 眉毛カット 眉コーム 眉毛セット メンズ 眉そり コーム カミソリ RP1 NP-2F","https://review.rakuten.co.jp/item/1/354660_10001208/epqr-iauxm-7xojn1_1_2615050407/","5","2024/08/05 10:29:53","","使いやすく、大変気に入りました。ハサミやカミソリの種類も多くおすすめです","0","354660-20240801-0538429072",""
"商品レビュー","【 楽天1位受賞★レビュー特典付き 】＼クーポンで最大20％OFF！／眉毛 はさみ ハサミ まゆげ テンプレート 眉毛カット 眉コーム 眉毛セット メンズ 眉そり コーム カミソリ RP1 NP-2F","https://review.rakuten.co.jp/item/1/354660_10001208/epqr-iauta-a1rffo_2_2485588296/","5","2024/06/08 16:11:05","","素早く送っていただきました!気合い入れて眉剃ります!","0","354660-20240605-0068316392",""
"商品レビュー","【 楽天1位受賞★レビュー特典付き 】＼クーポンで最大20％OFF！／眉毛 はさみ ハサミ まゆげ テンプレート 眉毛カット 眉コーム 眉毛セット メンズ 眉そり コーム カミソリ RP1 NP-2F","https://review.rakuten.co.jp/item/1/354660_10001208/epqr-iauta-g2s1sl_1_2483809911/","5","2024/06/07 19:32:09","","全部使いこなせるかわからないが、たぶん使わないのもあると思う。","0","354660-20240605-0627715960",""
"商品レビュー","【 楽天1位受賞★レビュー特典付き 】＼クーポンで最大20％OFF！／眉毛 はさみ ハサミ まゆげ テンプレート 眉毛カット 眉コーム 眉毛セット メンズ 眉そり コーム カミソリ RP1 NP-2F","https://review.rakuten.co.jp/item/1/354660_10001208/epqr-iauta-ghqbwl_1_2479979118/","5","2024/06/07 14:55:59","","眉ケアに必要なものが全て揃ったセットです。まだ全部使いこなせていませんが、ハサミとスクリューブラシは使いやすかったです。","0","354660-20240605-0624215644",""
"商品レビュー","【 楽天1位受賞★レビュー特典付き 】＼クーポンで最大20％OFF！／眉毛 はさみ ハサミ まゆげ テンプレート 眉毛カット 眉コーム 眉毛セット メンズ 眉そり コーム カミソリ RP1 NP-2F","https://review.rakuten.co.jp/item/1/354660_10001208/epqr-iauta-9i1x0d_1_2478194476/","3","2024/06/06 19:54:45","","値段の割に種類が揃っていて良いと思います。
ただぱっと開いた時に使い方が分からない道具が
あるため、簡単な取扱説明書などあると
助かると思いました。","0","354660-20240605-0141315846",""
"商品レビュー","【 楽天1位受賞★レビュー特典付き 】＼クーポンで最大20％OFF！／眉毛 はさみ ハサミ まゆげ テンプレート 眉毛カット 眉コーム 眉毛セット メンズ 眉そり コーム カミソリ RP1 NP-2F","https://review.rakuten.co.jp/item/1/354660_10001208/epqr-iaus4-7w1qny_1_2471745441/","5","2024/06/04 22:21:26","","本日届きました。
非常に使いやすそうで良い感じです。
お手入れが楽しみです","0","354660-20240602-0536014653",""
"商品レビュー","【 楽天1位受賞★レビュー特典付き 】＼クーポンで最大20％OFF！／眉毛 はさみ ハサミ まゆげ テンプレート 眉毛カット 眉コーム 眉毛セット メンズ 眉そり コーム カミソリ RP1 NP-2F","https://review.rakuten.co.jp/item/1/354660_10001208/epqr-iaur4-ac5e4r_2_2466632486/","5","2024/06/03 18:26:39","","１つのケースに必要なものが全て入っていて便利です！質もよさそうでした！","0","354660-20240530-0069714384",""
"商品レビュー","【 楽天1位受賞★レビュー特典付き 】＼クーポンで最大20％OFF！／眉毛 はさみ ハサミ まゆげ テンプレート 眉毛カット 眉コーム 眉毛セット メンズ 眉そり コーム カミソリ RP1 NP-2F","https://review.rakuten.co.jp/item/1/354660_10001208/epqr-iausy-izskxx_1_2468927963/","5","2024/06/03 16:04:40","","354660-20240601-0785614352
息子のために購入しました。セットになていて専用ケースに収納できてバラバラにならないのが良いみたいです。久しぶりに感謝されました。良い商品有難うございました。","0","354660-20240601-0785614352",""
"商品レビュー","【 楽天1位受賞★レビュー特典付き 】＼クーポンで最大20％OFF！／眉毛 はさみ ハサミ まゆげ テンプレート 眉毛カット 眉コーム 眉毛セット メンズ 眉そり コーム カミソリ RP1 NP-2F","https://review.rakuten.co.jp/item/1/354660_10001208/epqr-iaurx-7fga9t_1_2464167968/","5","2024/06/01 0:25:25","コスパ最強","動画が多く揃ってからコストパフォーマンスのいい商品です","0","354660-20240528-0499313907",""
"商品レビュー","【 楽天1位受賞★レビュー特典付き 】＼クーポンで最大20％OFF！／眉毛 はさみ ハサミ まゆげ テンプレート 眉毛カット 眉コーム 眉毛セット メンズ 眉そり コーム カミソリ RP1 NP-2F","https://review.rakuten.co.jp/item/1/354660_10001208/epqr-iaurw-dfpk3k_1_2462399989/","5","2024/05/29 19:30:47","","初めてだが、使いやすい！沢山使い続けようと思います！！","0","354660-20240527-0378913731",""
"商品レビュー","【 楽天1位受賞★レビュー特典付き 】＼クーポンで最大20％OFF！／眉毛 はさみ ハサミ まゆげ テンプレート 眉毛カット 眉コーム 眉毛セット メンズ 眉そり コーム カミソリ RP1 NP-2F","https://review.rakuten.co.jp/item/1/354660_10001208/epqr-iaurv-iypfj8_1_2460369002/","5","2024/05/28 20:49:57","安い買い物でした。","前に使ってた百均で買った眉毛切りハサミとブラシのセットを無くしてしまいこの商品を購入しました。安い割にしっかりとした作りで大変満足してます。使い勝手も良く綺麗に眉毛がカット出来ました。","0","354660-20240526-0782013406",""
"商品レビュー","【 楽天1位受賞★レビュー特典付き 】＼クーポンで最大20％OFF！／眉毛 はさみ ハサミ まゆげ テンプレート 眉毛カット 眉コーム 眉毛セット メンズ 眉そり コーム カミソリ RP1 NP-2F","https://review.rakuten.co.jp/item/1/354660_10001208/epqr-iaur3-ayxnyl_1_2448466815/","3","2024/05/26 10:00:52","初めての散髪","体調がよくなく、散髪に行けなくなったので自分でやってみようと思い、道具を探してみました。そこでこの商品に出会いました。商品の到着後さっそく散髪をしてみました。はじめは、なかなか苦労しましたが、やっているうちに慣れてきたためか、ハサミなど切れ味もよく、眉毛なども上手にでき大成功。数回やっているうちに時間も短時間でできると思い、次回楽しみです。","0","354660-20240521-0117412324",""
"商品レビュー","【 楽天1位受賞★レビュー特典付き 】＼クーポンで最大20％OFF！／眉毛 はさみ ハサミ まゆげ テンプレート 眉毛カット 眉コーム 眉毛セット メンズ 眉そり コーム カミソリ RP1 NP-2F","https://review.rakuten.co.jp/item/1/354660_10001208/epqr-iaur3-sehu5_2_2448064427/","4","2024/05/23 18:01:46","","綺麗な状態で発送してくれた
安くてこれだけ揃っているのでお買い得","0","354660-20240521-0044011926",""
"商品レビュー","【 楽天1位受賞★レビュー特典付き 】＼クーポンで最大20％OFF！／眉毛 はさみ ハサミ まゆげ テンプレート 眉毛カット 眉コーム 眉毛セット メンズ 眉そり コーム カミソリ RP1 NP-2F","https://review.rakuten.co.jp/item/1/354660_10001208/epqr-iaurk-cnc385_1_2426000588/","5","2024/05/20 2:07:01","","眉の手入れ用品がたくさん入っていてケースに収納できるので大変便利でした
ケースも黒色なのでこの先に汚れても目立たないので良いと思います。","0","354660-20240511-0334510074",""
"商品レビュー","【 楽天1位受賞★レビュー特典付き 】＼クーポンで最大20％OFF！／眉毛 はさみ ハサミ まゆげ テンプレート 眉毛カット 眉コーム 眉毛セット メンズ 眉そり コーム カミソリ RP1 NP-2F","https://review.rakuten.co.jp/item/1/354660_10001208/epqr-iaurj-hogmrk_1_2423342212/","4","2024/05/18 23:15:41","","初めて、眉用の道具を購入しました。どんな物が必要なのか、よくわからなかったため、セットになってお安く買えたので良かったです。初めて眉毛を整えるため、自分が不慣れなこともあり、使い心地についてはよくわかりませんが、鏡さえ用意すれば、届いてすぐに使用することができました。臭いがキツく、少し気になるため、星を-1しました。しばらくしてとれれば良いのですが…。","0","354660-20240510-0699209727",""
"商品レビュー","【 楽天1位受賞★レビュー特典付き 】＼クーポンで最大20％OFF！／眉毛 はさみ ハサミ まゆげ テンプレート 眉毛カット 眉コーム 眉毛セット メンズ 眉そり コーム カミソリ RP1 NP-2F","https://review.rakuten.co.jp/item/1/354660_10001208/epqr-iaurn-hbv4aq_1_2434494528/","4","2024/05/18 5:27:27","","眉を整えるのに苦労している息子にプレゼントしました。テンプレートの種類もあって喜んでくれました。
354660-20240515-0671610587","0","354660-20240515-0671610587",""
"商品レビュー","【 楽天1位受賞★レビュー特典付き 】＼クーポンで最大20％OFF！／眉毛 はさみ ハサミ まゆげ テンプレート 眉毛カット 眉コーム 眉毛セット メンズ 眉そり コーム カミソリ RP1 NP-2F","https://review.rakuten.co.jp/item/1/354660_10001208/epqr-iaurn-ewuojd_1_2437550654/","5","2024/05/17 17:41:30","非常に良い商品です。","値段の割に点数が多くしっかりしたつくりの物です。ありがとうございました。","0","354660-20240515-0476710782",""
"商品レビュー","【 楽天1位受賞★レビュー特典付き 】＼クーポンで最大20％OFF！／眉毛 はさみ ハサミ まゆげ テンプレート 眉毛カット 眉コーム 眉毛セット メンズ 眉そり コーム カミソリ RP1 NP-2F","https://review.rakuten.co.jp/item/1/354660_10001208/epqr-iaupu-imlew0_1_2378969304/","5","2024/05/11 11:42:58","","眉毛が気になり出した小5の娘に買いました！
自分でできるようで楽しそうに使っています！","0","354660-20240417-0754904268",""
"商品レビュー","【 楽天1位受賞★レビュー特典付き 】＼クーポンで最大20％OFF！／眉毛 はさみ ハサミ まゆげ テンプレート 眉毛カット 眉コーム 眉毛セット メンズ 眉そり コーム カミソリ RP1 NP-2F","https://review.rakuten.co.jp/item/1/354660_10001208/epqr-iaurh-b8erh0_1_2415422218/","5","2024/05/10 18:45:01","","コスパも良く、つかいやすいです。
外出先にも持参しています。","0","354660-20240507-0218708172",""
"商品レビュー","【 楽天1位受賞★レビュー特典付き 】＼クーポンで最大20％OFF！／眉毛 はさみ ハサミ まゆげ テンプレート 眉毛カット 眉コーム 眉毛セット メンズ 眉そり コーム カミソリ RP1 NP-2F","https://review.rakuten.co.jp/item/1/354660_10001208/epqr-iaure-dzp4ba_1_2408692835/","5","2024/05/09 14:58:02","","欲しかった物が全て入っててめちゃくちゃいい。","0","354660-20240503-0422607565",""
"商品レビュー","【 楽天1位受賞★レビュー特典付き 】＼クーポンで最大20％OFF！／眉毛 はさみ ハサミ まゆげ テンプレート 眉毛カット 眉コーム 眉毛セット メンズ 眉そり コーム カミソリ RP1 NP-2F","https://review.rakuten.co.jp/item/1/354660_10001208/epqr-iau5z-1ifdp0_1_2308630457/","4","2024/04/27 8:51:30","","こういった商品を初めて買ったが、必要なものがあらかた揃っていてありがたい。
初心者におすすめです","0","354660-20240315-0262448532",""
"商品レビュー","【 楽天1位受賞★レビュー特典付き 】＼クーポンで最大20％OFF！／眉毛 はさみ ハサミ まゆげ テンプレート 眉毛カット 眉コーム 眉毛セット メンズ 眉そり コーム カミソリ RP1 NP-2F","https://review.rakuten.co.jp/item/1/354660_10001208/epqr-iaup4-jou34c_1_2387717178/","5","2024/04/25 16:36:44","","とてもおしゃれで高級感あって気に入りました！重宝したいと思います！ 
怪我もしにくいような造りになっていて良かったです。
また他の商品も買いたいと思います
配送もはやく助かりました。","0","354660-20240422-0881505437",""
"商品レビュー","【 楽天1位受賞★レビュー特典付き 】＼クーポンで最大20％OFF！／眉毛 はさみ ハサミ まゆげ テンプレート 眉毛カット 眉コーム 眉毛セット メンズ 眉そり コーム カミソリ RP1 NP-2F","https://review.rakuten.co.jp/item/1/354660_10001208/epqr-iaupu-7v7g9c_1_2378024871/","5","2024/04/21 12:57:41","","セットで一度に、そろえることができ、非常に、満足しています。","0","354660-20240417-0534504173",""
"商品レビュー","【 楽天1位受賞★レビュー特典付き 】＼クーポンで最大20％OFF！／眉毛 はさみ ハサミ まゆげ テンプレート 眉毛カット 眉コーム 眉毛セット メンズ 眉そり コーム カミソリ RP1 NP-2F","https://review.rakuten.co.jp/item/1/354660_10001208/epqr-iaupp-75vw27_1_2360732087/","5","2024/04/16 18:34:31","","とても使いやすくて良かったです。コンパクトなのも良いです。","0","354660-20240409-0515402828",""
"商品レビュー","【 楽天1位受賞★レビュー特典付き 】＼クーポンで最大20％OFF！／眉毛 はさみ ハサミ まゆげ テンプレート 眉毛カット 眉コーム 眉毛セット メンズ 眉そり コーム カミソリ RP1 NP-2F","https://review.rakuten.co.jp/item/1/354660_10001208/epqr-iaupj-9yzd3k_1_2343405981/","5","2024/04/05 20:39:52","","すごい手入れが楽しくなりました。
この店でまた購入したいと思いました。","0","354660-20240402-0178001331",""
"商品レビュー","【 楽天1位受賞★レビュー特典付き 】＼クーポンで最大20％OFF！／眉毛 はさみ ハサミ まゆげ テンプレート 眉毛カット 眉コーム 眉毛セット メンズ 眉そり コーム カミソリ RP1 NP-2F","https://review.rakuten.co.jp/item/1/354660_10001208/epqr-iaup2-2v6zit_1_2341928818/","5","2024/04/04 19:09:52","","使いやすく大変重宝しています 手頃な価格で助かります","0","354660-20240401-0837800955",""
"商品レビュー","【 楽天1位受賞★レビュー特典付き 】＼クーポンで最大20％OFF！／眉毛 はさみ ハサミ まゆげ テンプレート 眉毛カット 眉コーム 眉毛セット メンズ 眉そり コーム カミソリ RP1 NP-2F","https://review.rakuten.co.jp/item/1/354660_10001208/epqr-iaun1-9pzff7_1_2316025656/","5","2024/03/28 18:01:28","","この内容で\1,280はお得だと思います。商品もすぐに届き満足です。また利用させて頂きます。","0","354660-20240320-0157849244",""
"商品レビュー","【 楽天1位受賞★レビュー特典付き 】＼クーポンで最大20％OFF！／眉毛 はさみ ハサミ まゆげ テンプレート 眉毛カット 眉コーム 眉毛セット メンズ 眉そり コーム カミソリ RP1 NP-2F","https://review.rakuten.co.jp/item/1/354660_10001208/epqr-iau5z-kqxrgt_1_2307473503/","5","2024/03/19 21:52:06","","今まで眉毛の手入れとかしたことなかったんで、使い方を勉強しつつ初めての挑戦です。
商品については、一通りのケア用品がセットになっており、ケースもしっかりしてるのと、テンプレートのプラ板も付いてきてかなりのお得感です。","0","354660-20240315-0947148291",""
"商品レビュー","【 楽天1位受賞★レビュー特典付き 】＼クーポンで最大20％OFF！／眉毛 はさみ ハサミ まゆげ テンプレート 眉毛カット 眉コーム 眉毛セット メンズ 眉そり コーム カミソリ RP1 NP-2F","https://review.rakuten.co.jp/item/1/354660_10001208/epqr-iau53-fe4cb0_1_2275301067/","4","2024/03/15 20:19:22","リーズナブル","8点も入っていて、このお値段。とってもリーズナブルだと思います。","0","354660-20240305-0557545788",""
"商品レビュー","【 楽天1位受賞★レビュー特典付き 】＼クーポンで最大20％OFF！／眉毛 はさみ ハサミ まゆげ テンプレート 眉毛カット 眉コーム 眉毛セット メンズ 眉そり コーム カミソリ RP1 NP-2F","https://review.rakuten.co.jp/item/1/354660_10001208/epqr-iau26-br4wyf_1_2201437370/","5","2024/03/10 11:58:17","","商品は良かったです。発送も速くて、とても満足です。","0","354660-20240128-0223336989",""
"商品レビュー","【 楽天1位受賞★レビュー特典付き 】＼クーポンで最大20％OFF！／眉毛 はさみ ハサミ まゆげ テンプレート 眉毛カット 眉コーム 眉毛セット メンズ 眉そり コーム カミソリ RP1 NP-2F","https://review.rakuten.co.jp/item/1/354660_10001208/epqr-iau53-1hgut8_1_2274110442/","5","2024/03/07 8:33:31","よかったです","早速使用しました。初めて眉毛カットしましたがテンプレートがあり簡単に整えられました。コスパも良く大満足です。定期的に使用します。","0","354660-20240305-0260845618",""
"商品レビュー","【 楽天1位受賞★レビュー特典付き 】＼クーポンで最大20％OFF！／眉毛 はさみ ハサミ まゆげ テンプレート 眉毛カット 眉コーム 眉毛セット メンズ 眉そり コーム カミソリ RP1 NP-2F","https://review.rakuten.co.jp/item/1/354660_10001208/epqr-iaul9-lhqrsd_1_2227854350/","5","2024/03/01 19:54:19","","必要なツールがセットになっていて、使い勝手がとても良いです。","0","354660-20240210-0987039726",""
"商品レビュー","【 楽天1位受賞★レビュー特典付き 】＼クーポンで最大20％OFF！／眉毛 はさみ ハサミ まゆげ テンプレート 眉毛カット 眉コーム 眉毛セット メンズ 眉そり コーム カミソリ RP1 NP-2F","https://review.rakuten.co.jp/item/1/354660_10001208/epqr-iaulm-h9wei4_1_2258809246/","5","2024/02/28 22:30:14","頑張って使ってみます","品物もしっかりしてて、使うのが楽しみです。眉の手入れは今まで、カット屋さんでやってもらっていたので、そこが閉店になってしまって自分でやろうと商品探してました。いろいろな道具どのように使えばいいのか説明書あつたらもっとよかったかな。","0","354660-20240225-0669943042",""
"商品レビュー","【 楽天1位受賞★レビュー特典付き 】＼クーポンで最大20％OFF！／眉毛 はさみ ハサミ まゆげ テンプレート 眉毛カット 眉コーム 眉毛セット メンズ 眉そり コーム カミソリ RP1 NP-2F","https://review.rakuten.co.jp/item/1/354660_10001208/epqr-iaulk-d3hxp7_1_2254606050/","4","2024/02/28 13:39:09","","思ったより色々入っており、金額も満足しており
これから使うことが楽しみにしています。","0","354660-20240223-0405342908",""
"商品レビュー","【 楽天1位受賞★レビュー特典付き 】＼クーポンで最大20％OFF！／眉毛 はさみ ハサミ まゆげ テンプレート 眉毛カット 眉コーム 眉毛セット メンズ 眉そり コーム カミソリ RP1 NP-2F","https://review.rakuten.co.jp/item/1/354660_10001208/epqr-iauli-fdz2c_2_2245148569/","4","2024/02/27 12:55:11","","とても早く発送していただき助かりました。ケースが付いてそのまま片付けれるため、とても気に入りました！ありがとうございました。","0","354660-20240220-0015442313",""
"商品レビュー","【 楽天1位受賞★レビュー特典付き 】＼クーポンで最大20％OFF！／眉毛 はさみ ハサミ まゆげ テンプレート 眉毛カット 眉コーム 眉毛セット メンズ 眉そり コーム カミソリ RP1 NP-2F","https://review.rakuten.co.jp/item/1/354660_10001208/epqr-iauli-9isxfn_1_2249578900/","5","2024/02/25 8:25:49","お得","たくさん入ってて、テンプレまで付いてました。
安いです！","0","354660-20240220-0142342615",""
"商品レビュー","【 楽天1位受賞★レビュー特典付き 】＼クーポンで最大20％OFF！／眉毛 はさみ ハサミ まゆげ テンプレート 眉毛カット 眉コーム 眉毛セット メンズ 眉そり コーム カミソリ RP1 NP-2F","https://review.rakuten.co.jp/item/1/354660_10001208/epqr-iaulg-2j8vuj_1_2241649653/","5","2024/02/23 12:07:12","","必要なものはこれ一つである程度揃いますし、何より使いやすくてよかったです！","0","354660-20240218-0810641282",""
"商品レビュー","【 楽天1位受賞★レビュー特典付き 】＼クーポンで最大20％OFF！／眉毛 はさみ ハサミ まゆげ テンプレート 眉毛カット 眉コーム 眉毛セット メンズ 眉そり コーム カミソリ RP1 NP-2F","https://review.rakuten.co.jp/item/1/354660_10001208/epqr-iaul7-ja2pz9_1_2238104713/","5","2024/02/17 13:07:22","","テンプレートも付いてとても良かったです。
持ち運びケースが気に入っています。","0","354660-20240216-0848841086",""
"商品レビュー","【 楽天1位受賞★レビュー特典付き 】＼クーポンで最大20％OFF！／眉毛 はさみ ハサミ まゆげ テンプレート 眉毛カット 眉コーム 眉毛セット メンズ 眉そり コーム カミソリ RP1 NP-2F","https://review.rakuten.co.jp/item/1/354660_10001208/epqr-iaul0-bjsgmj_1_2224838672/","5","2024/02/13 12:32:57","お得","値段もリーズナブルで大変満足。ハサミの切れ味もよく、眉のテンプレート付きです。","0","354660-20240208-0206139794",""
"商品レビュー","【 楽天1位受賞★レビュー特典付き 】＼クーポンで最大20％OFF！／眉毛 はさみ ハサミ まゆげ テンプレート 眉毛カット 眉コーム 眉毛セット メンズ 眉そり コーム カミソリ RP1 NP-2F","https://review.rakuten.co.jp/item/1/354660_10001208/epqr-iaukx-aklr5s_2_2212453572/","5","2024/02/09 21:07:36","素晴らしい","使いやすいです。
色々揃っているので助かります。","0","354660-20240204-0086438690",""
"商品レビュー","【 楽天1位受賞★レビュー特典付き 】＼クーポンで最大20％OFF！／眉毛 はさみ ハサミ まゆげ テンプレート 眉毛カット 眉コーム 眉毛セット メンズ 眉そり コーム カミソリ RP1 NP-2F","https://review.rakuten.co.jp/item/1/354660_10001208/epqr-iau2r-cil9sf_1_2190080604/","4","2024/02/04 14:47:30","","商品到着もはやく助かりました。それぞれケースに収まり携帯にも便利です。
あとは何時まで使えるかですね。","0","354660-20240124-0323236305",""
"商品レビュー","【 楽天1位受賞★レビュー特典付き 】＼クーポンで最大20％OFF！／眉毛 はさみ ハサミ まゆげ テンプレート 眉毛カット 眉コーム 眉毛セット メンズ 眉そり コーム カミソリ RP1 NP-2F","https://review.rakuten.co.jp/item/1/354660_10001208/epqr-iau2r-fel6gq_1_2190834541/","5","2024/01/27 20:20:39","","娘のために購入しました。セットなので持ち運びにも便利と喜んでいます。","0","354660-20240124-0556736063",""
"商品レビュー","【 楽天1位受賞★レビュー特典付き 】＼クーポンで最大20％OFF！／眉毛 はさみ ハサミ まゆげ テンプレート 眉毛カット 眉コーム 眉毛セット メンズ 眉そり コーム カミソリ RP1 NP-2F","https://review.rakuten.co.jp/item/1/354660_10001208/epqr-iau2r-g56t0e_1_2191335823/","5","2024/01/26 22:36:29","自分用に","想定よりもしっかりしていていい意味で驚きました。
眉テンプレート付きでこの値段なら納得です。
ありがとうございました。","0","354660-20240124-0636236215",""
"商品レビュー","【 楽天1位受賞★レビュー特典付き 】＼クーポンで最大20％OFF！／眉毛 はさみ ハサミ まゆげ テンプレート 眉毛カット 眉コーム 眉毛セット メンズ 眉そり コーム カミソリ RP1 NP-2F","https://review.rakuten.co.jp/item/1/354660_10001208/epqr-iau22-ditlnw_1_2169364087/","5","2024/01/20 14:17:16","","セットになっていて軽量で持ち運びにも便利で旅行にも最適です。","0","354660-20240113-0384233611",""
"商品レビュー","【 楽天1位受賞★レビュー特典付き 】＼クーポンで最大20％OFF！／眉毛 はさみ ハサミ まゆげ テンプレート 眉毛カット 眉コーム 眉毛セット メンズ 眉そり コーム カミソリ RP1 NP-2F","https://review.rakuten.co.jp/item/1/354660_10001208/epqr-iau2g-acuibm_2_2160180546/","5","2024/01/14 19:23:41","","収納つきなので使い勝手がよさそうです。
使いやすくてよかったです。","0","354660-20240110-0070232957",""
"商品レビュー","【 楽天1位受賞★レビュー特典付き 】＼クーポンで最大20％OFF！／眉毛 はさみ ハサミ まゆげ テンプレート 眉毛カット 眉コーム 眉毛セット メンズ 眉そり コーム カミソリ RP1 NP-2F","https://review.rakuten.co.jp/item/1/354660_10001208/epqr-iau2e-h3xlfj_1_2155501785/","5","2024/01/10 20:47:07","","すぐ届いて包装も丁寧で安心しました。
初めて眉毛を整えるものを買おうと思ってどうせならセットでと思いレビューが良かったので購入しました。
まゆげテンプレートもあって楽しみになりました。
ケースにまゆげテンプレートがしまえる部分があるといいなあとは思いました！","0","354660-20240107-0708632402",""
"商品レビュー","【 楽天1位受賞★レビュー特典付き 】＼クーポンで最大20％OFF！／眉毛 はさみ ハサミ まゆげ テンプレート 眉毛カット 眉コーム 眉毛セット メンズ 眉そり コーム カミソリ RP1 NP-2F","https://review.rakuten.co.jp/item/1/354660_10001208/epqr-ia85q-dsu7ka_1_2143860386/","5","2024/01/08 11:30:04","","初めて購入しました。商品の到着も早く、商品自体もとても満足するものでした。また機会が有りましたら、利用したいです。","0","354660-20231231-0407831005",""
"商品レビュー","【 楽天1位受賞★レビュー特典付き 】＼クーポンで最大20％OFF！／眉毛 はさみ ハサミ まゆげ テンプレート 眉毛カット 眉コーム 眉毛セット メンズ 眉そり コーム カミソリ RP1 NP-2F","https://review.rakuten.co.jp/item/1/354660_10001208/epqr-ia85m-si0fi_2_2134030650/","5","2023/12/31 10:11:54","","今まではバラで購入し整えてましたが、これはセットになってることで、開くとサッと使えるので便利。全てしっかり使えました。使い終わればたたんでコンパクトに。理想的なセットで良かったです。","0","354660-20231225-0044230224",""
"商品レビュー","【 楽天1位受賞★レビュー特典付き 】＼クーポンで最大20％OFF！／眉毛 はさみ ハサミ まゆげ テンプレート 眉毛カット 眉コーム 眉毛セット メンズ 眉そり コーム カミソリ RP1 NP-2F","https://review.rakuten.co.jp/item/1/354660_10001208/epqr-ia852-g4zpet_1_2126630625/","5","2023/12/23 18:28:26","","眉カットですべてそろっているセットを探していました。
使いやすいサイズで簡単に使う事が出来ました。
100均より全然クオリティもよく使いやすいです","0","354660-20231221-0663429159",""
"商品レビュー","【 楽天1位受賞★レビュー特典付き 】＼クーポンで最大20％OFF！／眉毛 はさみ ハサミ まゆげ テンプレート 眉毛カット 眉コーム 眉毛セット メンズ 眉そり コーム カミソリ RP1 NP-2F","https://review.rakuten.co.jp/item/1/354660_10001208/epqr-ia85f-22k3h2_1_2116418384/","4","2023/12/19 21:39:05","","メンズ身だしなみのプレゼントととして購入！
商品到着が早いことに高評価","0","354660-20231217-0808627945",""
"商品レビュー","【 楽天1位受賞★レビュー特典付き 】＼クーポンで最大20％OFF！／眉毛 はさみ ハサミ まゆげ テンプレート 眉毛カット 眉コーム 眉毛セット メンズ 眉そり コーム カミソリ RP1 NP-2F","https://review.rakuten.co.jp/item/1/354660_10001208/epqr-ia859-deuj8z_1_2096372117/","3","2023/12/13 20:05:55","","ハサミはよく切れましたし、使い勝手も良いですが、しまって鞄に入れたらケースから落ちたのでハサミにも落下止めが欲しかったです
あとテンプレートを収納できるようにして欲しいかな","0","354660-20231210-0375926363",""
"商品レビュー","【 楽天1位受賞★レビュー特典付き 】＼クーポンで最大20％OFF！／眉毛 はさみ ハサミ まゆげ テンプレート 眉毛カット 眉コーム 眉毛セット メンズ 眉そり コーム カミソリ RP1 NP-2F","https://review.rakuten.co.jp/item/1/354660_10001208/epqr-ia8mz-d5qmib_1_2088744007/","5","2023/12/13 9:07:37","","一式揃っているのでこれがひとつあれば眉のメンテナンスができて便利。","0","354660-20231207-0394125699",""
"商品レビュー","【 楽天1位受賞★レビュー特典付き 】＼クーポンで最大20％OFF！／眉毛 はさみ ハサミ まゆげ テンプレート 眉毛カット 眉コーム 眉毛セット メンズ 眉そり コーム カミソリ RP1 NP-2F","https://review.rakuten.co.jp/item/1/354660_10001208/epqr-ia8ks-9snsnb_1_2058945300/","5","2023/11/26 22:25:34","理想のセット","翌日配達助かります。
迅速なご対応ありがとうございます。","0","354660-20231126-0165523215",""
"商品レビュー","【 楽天1位受賞★レビュー特典付き 】＼クーポンで最大20％OFF！／眉毛 はさみ ハサミ まゆげ テンプレート 眉毛カット 眉コーム 眉毛セット メンズ 眉そり コーム カミソリ RP1 NP-2F","https://review.rakuten.co.jp/item/1/354660_10001208/epqr-ia8kj-e16rpl_1_2026216375/","5","2023/11/16 19:50:16","","コンパクトで持ち運びしやすい
使いやすい
買ってよかった","0","354660-20231114-0431319940",""
"商品レビュー","【 楽天1位受賞★レビュー特典付き 】＼クーポンで最大20％OFF！／眉毛 はさみ ハサミ まゆげ テンプレート 眉毛カット 眉コーム 眉毛セット メンズ 眉そり コーム カミソリ RP1 NP-2F","https://review.rakuten.co.jp/item/1/354660_10001208/epqr-ia8kc-b6n9mo_1_2002160490/","4","2023/11/09 18:45:40","","持ち運びにも便利で十二分な商品だと思います。","0","354660-20231105-0229317464",""
"商品レビュー","【 楽天1位受賞★レビュー特典付き 】＼クーポンで最大20％OFF！／眉毛 はさみ ハサミ まゆげ テンプレート 眉毛カット 眉コーム 眉毛セット メンズ 眉そり コーム カミソリ RP1 NP-2F","https://review.rakuten.co.jp/item/1/354660_10001208/epqr-ia829-h4jpq3_1_1992716285/","5","2023/11/03 14:39:02","","注文してすぐ届きました。すぐ使ってみましたが問題はなく、確かな商品でした。眉毛テンプレートが入ってない&#10067;と思いましたが封筒の中にありました。よく探しましょう。","0","354660-20231030-0722916133",""
"商品レビュー","【 楽天1位受賞★レビュー特典付き 】＼クーポンで最大20％OFF！／眉毛 はさみ ハサミ まゆげ テンプレート 眉毛カット 眉コーム 眉毛セット メンズ 眉そり コーム カミソリ RP1 NP-2F","https://review.rakuten.co.jp/item/1/354660_10001208/epqr-ia829-jrw30b_1_1993280196/","5","2023/11/01 21:46:19","","全て揃ってるので、すぐに使用できていい感じでした。まとまってるので無くすこともなくて長く使えそうです。","0","354660-20231030-0888315987",""
"商品レビュー","【 楽天1位受賞★レビュー特典付き 】＼クーポンで最大20％OFF！／眉毛 はさみ ハサミ まゆげ テンプレート 眉毛カット 眉コーム 眉毛セット メンズ 眉そり コーム カミソリ RP1 NP-2F","https://review.rakuten.co.jp/item/1/354660_10001208/epqr-ia8iy-fywz3e_1_1984432199/","5","2023/10/27 18:15:46","","すべて揃ってます。これさえあれば自分でもできそう。","0","354660-20231025-0601115515",""
"商品レビュー","【 楽天1位受賞★レビュー特典付き 】＼クーポンで最大20％OFF！／眉毛 はさみ ハサミ まゆげ テンプレート 眉毛カット 眉コーム 眉毛セット メンズ 眉そり コーム カミソリ RP1 NP-2F","https://review.rakuten.co.jp/item/1/354660_10001208/epqr-ia8i3-d1gr5q_1_1967969266/","4","2023/10/21 19:51:31","","息子の為に、購入。
一揃えあるので、活躍しそうです。","0","354660-20231017-0370013855",""
"商品レビュー","【 楽天1位受賞★レビュー特典付き 】＼クーポンで最大20％OFF！／眉毛 はさみ ハサミ まゆげ テンプレート 眉毛カット 眉コーム 眉毛セット メンズ 眉そり コーム カミソリ RP1 NP-2F","https://review.rakuten.co.jp/item/1/354660_10001208/epqr-ia8g0-fdecud_1_1905906540/","5","2023/10/01 11:50:27","","色々入ってこの値段はとってもお得でした！","0","354660-20230920-0554607402",""
"商品レビュー","【 楽天1位受賞★レビュー特典付き 】＼クーポンで最大20％OFF！／眉毛 はさみ ハサミ まゆげ テンプレート 眉毛カット 眉コーム 眉毛セット メンズ 眉そり コーム カミソリ RP1 NP-2F","https://review.rakuten.co.jp/item/1/354660_10001208/epqr-ia8fs-eo8mlb_1_1886397955/","3","2023/09/30 23:14:02","","眉毛セットいろいろ使用しましたが、最初ハサミがちょっとかたいので切りずらかったです。","0","354660-20230910-0457904595",""
"商品レビュー","【 楽天1位受賞★レビュー特典付き 】＼クーポンで最大20％OFF！／眉毛 はさみ ハサミ まゆげ テンプレート 眉毛カット 眉コーム 眉毛セット メンズ 眉そり コーム カミソリ RP1 NP-2F","https://review.rakuten.co.jp/item/1/354660_10001208/epqr-ia8fp-bap45q_1_1870648089/","5","2023/09/07 19:41:08","","欲しいツールは全部揃っていてまさにオールインワンでした。
値段もGOOD","0","354660-20230905-0184102655",""
"商品レビュー","【 楽天1位受賞★レビュー特典付き 】＼クーポンで最大20％OFF！／眉毛 はさみ ハサミ まゆげ テンプレート 眉毛カット 眉コーム 眉毛セット メンズ 眉そり コーム カミソリ RP1 NP-2F","https://review.rakuten.co.jp/item/1/354660_10001208/epqr-ia8fn-fjl478_1_1856748313/","5","2023/09/05 22:30:18","初心者だけどええぞこれ","初心者でも眉毛の型を使って理想の型に出来ました！道具一式を入れれるポーチ付きなのでまとめて管理しやすいです！","0","354660-20230903-0568501078",""
"商品レビュー","【 楽天1位受賞★レビュー特典付き 】＼クーポンで最大20％OFF！／眉毛 はさみ ハサミ まゆげ テンプレート 眉毛カット 眉コーム 眉毛セット メンズ 眉そり コーム カミソリ RP1 NP-2F","https://review.rakuten.co.jp/item/1/354660_10001208/epqr-ia8em-9pt609_1_1848993643/","4","2023/08/31 22:53:01","","眉毛テンプレが付いているのが購入の決め手だったけど、要らなかったかなぁ。
説明書が付いているとより良かったです！","0","354660-20230829-0157500290",""
"商品レビュー","【 楽天1位受賞★レビュー特典付き 】＼クーポンで最大20％OFF！／眉毛 はさみ ハサミ まゆげ テンプレート 眉毛カット 眉コーム 眉毛セット メンズ 眉そり コーム カミソリ RP1 NP-2F","https://review.rakuten.co.jp/item/1/354660_10001208/epqr-ia8ef-2tcbjb_1_1834154451/","4","2023/08/25 10:46:00","ありがとうございます","使いやすくて便利です。バックに入れても全然、邪魔にならずに買って良かったです。入れ物は黒で。
まゆの手入れが苦手で。買ってみました。","0","354660-20230821-0831647595",""
"商品レビュー","【 楽天1位受賞★レビュー特典付き 】＼クーポンで最大20％OFF！／眉毛 はさみ ハサミ まゆげ テンプレート 眉毛カット 眉コーム 眉毛セット メンズ 眉そり コーム カミソリ RP1 NP-2F","https://review.rakuten.co.jp/item/1/354660_10001208/epqr-ia81p-fwo4py_1_1785936880/","5","2023/08/18 0:17:22","","セットに含まれている道具が使いやすく、専門サロンに行かなくても自宅で簡単に眉のメンテナンスができ、便利です！","0","354660-20230725-0597241653",""
"商品レビュー","【 楽天1位受賞★レビュー特典付き 】＼クーポンで最大20％OFF！／眉毛 はさみ ハサミ まゆげ テンプレート 眉毛カット 眉コーム 眉毛セット メンズ 眉そり コーム カミソリ RP1 NP-2F","https://review.rakuten.co.jp/item/1/354660_10001208/epqr-ia8d4-bf25nl_1_1817607482/","3","2023/08/16 18:55:55","","いろいろ入ってて満足です。
が、動き切れが悪いのがあって残念…","0","354660-20230810-0197145628",""
"商品レビュー","【 楽天1位受賞★レビュー特典付き 】＼クーポンで最大20％OFF！／眉毛 はさみ ハサミ まゆげ テンプレート 眉毛カット 眉コーム 眉毛セット メンズ 眉そり コーム カミソリ RP1 NP-2F","https://review.rakuten.co.jp/item/1/354660_10001208/epqr-ia81o-ds70rk_1_1778315360/","5","2023/07/29 23:17:40","","これだけのボリュームでこの価格は大満足です！","0","354660-20230724-0406841199",""
"商品レビュー","【 楽天1位受賞★レビュー特典付き 】＼クーポンで最大20％OFF！／眉毛 はさみ ハサミ まゆげ テンプレート 眉毛カット 眉コーム 眉毛セット メンズ 眉そり コーム カミソリ RP1 NP-2F","https://review.rakuten.co.jp/item/1/354660_10001208/epqr-ia81d-hwrlyx_1_1747401660/","3","2023/07/29 7:20:14","","まずまず良かったですが使い方わからないのもありました!","0","354660-20230710-0718337732",""
"商品レビュー","【 楽天1位受賞★レビュー特典付き 】＼クーポンで最大20％OFF！／眉毛 はさみ ハサミ まゆげ テンプレート 眉毛カット 眉コーム 眉毛セット メンズ 眉そり コーム カミソリ RP1 NP-2F","https://review.rakuten.co.jp/item/1/354660_10001208/epqr-ia81i-c5w8nh_1_1761531057/","5","2023/07/20 14:39:48","","高校生になった息子へのプレゼントとして
使いやすいそうで、まゆげテンプレートも活用しているようです。ありがとうございました","0","354660-20230716-0334039511",""
"商品レビュー","【 楽天1位受賞★レビュー特典付き 】＼クーポンで最大20％OFF！／眉毛 はさみ ハサミ まゆげ テンプレート 眉毛カット 眉コーム 眉毛セット メンズ 眉そり コーム カミソリ RP1 NP-2F","https://review.rakuten.co.jp/item/1/354660_10001208/epqr-ia811-268lom_1_1742363734/","5","2023/07/12 18:52:24","","商品とケースもしっかりして大変満足してます。使うのが凄く楽しみです。","0","354660-20230708-0834137441",""
"商品レビュー","【 楽天1位受賞★レビュー特典付き 】＼クーポンで最大20％OFF！／眉毛 はさみ ハサミ まゆげ テンプレート 眉毛カット 眉コーム 眉毛セット メンズ 眉そり コーム カミソリ RP1 NP-2F","https://review.rakuten.co.jp/item/1/354660_10001208/epqr-ia810-fvl1m5_1_1730019387/","5","2023/07/07 21:13:22","","品がありとても良かった。
ケース１つでお手軽で良い","0","354660-20230704-0595336374",""
"商品レビュー","【 楽天1位受賞★レビュー特典付き 】＼クーポンで最大20％OFF！／眉毛 はさみ ハサミ まゆげ テンプレート 眉毛カット 眉コーム 眉毛セット メンズ 眉そり コーム カミソリ RP1 NP-2F","https://review.rakuten.co.jp/item/1/354660_10001208/epqr-ia8a6-wbok3_2_1708099301/","5","2023/06/27 17:33:59","購入レビュー","注文から商品到着まで早く対応していただきありがとうございました。
商品ですがこれだけの数のアイテム数の割りにとてもコスパが良いですね。
大満足です。","0","354660-20230624-0052234549",""
"商品レビュー","【 楽天1位受賞★レビュー特典付き 】＼クーポンで最大20％OFF！／眉毛 はさみ ハサミ まゆげ テンプレート 眉毛カット 眉コーム 眉毛セット メンズ 眉そり コーム カミソリ RP1 NP-2F","https://review.rakuten.co.jp/item/1/354660_10001208/epqr-ia8af-2gouor_1_1660514991/","4","2023/06/25 20:13:02","","色々な種類があって、用途によって使い分けられるため、使いやすい。これ一つで大体のケアができる。","0","354660-20230605-0803827896",""
"商品レビュー","【 楽天1位受賞★レビュー特典付き 】＼クーポンで最大20％OFF！／眉毛 はさみ ハサミ まゆげ テンプレート 眉毛カット 眉コーム 眉毛セット メンズ 眉そり コーム カミソリ RP1 NP-2F","https://review.rakuten.co.jp/item/1/354660_10001208/epqr-ia8ar-9fgj1m_1_1701747976/","5","2023/06/23 23:03:02","","早くに届きました！
たくさんの眉毛のテンプレもついててこれから使うのが楽しみです！","0","354660-20230620-0136533761",""
"商品レビュー","【 楽天1位受賞★レビュー特典付き 】＼クーポンで最大20％OFF！／眉毛 はさみ ハサミ まゆげ テンプレート 眉毛カット 眉コーム 眉毛セット メンズ 眉そり コーム カミソリ RP1 NP-2F","https://review.rakuten.co.jp/item/1/354660_10001208/epqr-ia8ap-g70sgw_1_1695601252/","5","2023/06/21 14:40:47","","眉毛のメンテナンスに必要な道具一式が入っており、非常にコスパの良い商品でした。","0","354660-20230617-0618132775",""
"商品レビュー","【 楽天1位受賞★レビュー特典付き 】＼クーポンで最大20％OFF！／眉毛 はさみ ハサミ まゆげ テンプレート 眉毛カット 眉コーム 眉毛セット メンズ 眉そり コーム カミソリ RP1 NP-2F","https://review.rakuten.co.jp/item/1/354660_10001208/epqr-ia8a2-jopr1c_1_1674954309/","4","2023/06/18 10:44:47","","テンプレートもありとても使い易い商品です","0","354660-20230609-0881129813",""
"商品レビュー","【 楽天1位受賞★レビュー特典付き 】＼クーポンで最大20％OFF！／眉毛 はさみ ハサミ まゆげ テンプレート 眉毛カット 眉コーム 眉毛セット メンズ 眉そり コーム カミソリ RP1 NP-2F","https://review.rakuten.co.jp/item/1/354660_10001208/epqr-ia8ai-b9jjqm_1_1672846911/","5","2023/06/11 14:42:23","","コスパの高い良い商品だと思います。
発送もとても早くて助かりました。","0","354660-20230608-0185429933",""
"商品レビュー","【 楽天1位受賞★レビュー特典付き 】＼クーポンで最大20％OFF！／眉毛 はさみ ハサミ まゆげ テンプレート 眉毛カット 眉コーム 眉毛セット メンズ 眉そり コーム カミソリ RP1 NP-2F","https://review.rakuten.co.jp/item/1/354660_10001208/epqr-ia8af-2jokxo_1_1663735935/","5","2023/06/09 6:46:24","","内容が充実していてコスパがいいです。
いい買い物でした。","0","354660-20230605-0810528644",""
"商品レビュー","【 楽天1位受賞★レビュー特典付き 】＼クーポンで最大20％OFF！／眉毛 はさみ ハサミ まゆげ テンプレート 眉毛カット 眉コーム 眉毛セット メンズ 眉そり コーム カミソリ RP1 NP-2F","https://review.rakuten.co.jp/item/1/354660_10001208/epqr-ia8ac-9ivv14_1_1648701951/","5","2023/06/08 11:04:12","","商品内のアイテム数も多く重宝します。
ケース付きの為、紛失する恐れも無く
良い商品です。","0","354660-20230601-0142526482",""
"商品レビュー","【 楽天1位受賞★レビュー特典付き 】＼クーポンで最大20％OFF！／眉毛 はさみ ハサミ まゆげ テンプレート 眉毛カット 眉コーム 眉毛セット メンズ 眉そり コーム カミソリ RP1 NP-2F","https://review.rakuten.co.jp/item/1/354660_10001208/epqr-ia8a7-xbvul_2_1655251868/","5","2023/06/07 18:41:14","","セットかつテンプレが付いていたので購入を決めた。","0","354660-20230604-0053927620",""
"商品レビュー","【 楽天1位受賞★レビュー特典付き 】＼クーポンで最大20％OFF！／眉毛 はさみ ハサミ まゆげ テンプレート 眉毛カット 眉コーム 眉毛セット メンズ 眉そり コーム カミソリ RP1 NP-2F","https://review.rakuten.co.jp/item/1/354660_10001208/epqr-iapze-ayhkaq_1_1645624249/","5","2023/06/04 12:39:19","","丁寧な対応ありがとうございます。商品もとても使いやすいです。","0","354660-20230531-0116426219",""
"商品レビュー","【 楽天1位受賞★レビュー特典付き 】＼クーポンで最大20％OFF！／眉毛 はさみ ハサミ まゆげ テンプレート 眉毛カット 眉コーム 眉毛セット メンズ 眉そり コーム カミソリ RP1 NP-2F","https://review.rakuten.co.jp/item/1/354660_10001208/epqr-iapzb-lenlw_2_1639071740/","4","2023/06/03 10:22:59","","眉毛プレートも付いて満足です。
子供用で買って子供も喜んでいます。","0","354660-20230527-0027225679",""
"商品レビュー","【 楽天1位受賞★レビュー特典付き 】＼クーポンで最大20％OFF！／眉毛 はさみ ハサミ まゆげ テンプレート 眉毛カット 眉コーム 眉毛セット メンズ 眉そり コーム カミソリ RP1 NP-2F","https://review.rakuten.co.jp/item/1/354660_10001208/epqr-iap4w-hyexmu_1_1622686205/","5","2023/06/01 22:22:57","眉毛お手入れ","一つですべてそろっているのでとても便利でした。
テンプレートが一緒に収納できればさらに良いと思います。","0","354660-20230519-0720923969",""
"商品レビュー","【 楽天1位受賞★レビュー特典付き 】＼クーポンで最大20％OFF！／眉毛 はさみ ハサミ まゆげ テンプレート 眉毛カット 眉コーム 眉毛セット メンズ 眉そり コーム カミソリ RP1 NP-2F","https://review.rakuten.co.jp/item/1/354660_10001208/epqr-iap4w-gi60gh_1_1622220457/","5","2023/05/20 20:22:25","たれ眉に","年齢とともに眉毛が垂れてきて整えようと思い購入しました。まだ使用しておりませんが慣れるまで少しづつお手入れしていこうと思っています","0","354660-20230519-0626123891",""
"商品レビュー","【 楽天1位受賞★レビュー特典付き 】＼クーポンで最大20％OFF！／眉毛 はさみ ハサミ まゆげ テンプレート 眉毛カット 眉コーム 眉毛セット メンズ 眉そり コーム カミソリ RP1 NP-2F","https://review.rakuten.co.jp/item/1/354660_10001208/epqr-iap4s-bdbchf_1_1609276230/","5","2023/05/17 8:10:21","眉毛はさみセットを買ってよかった","商品は使いやすく安価でよかったです。
ありがとうございました。","0","354660-20230514-0191623077",""
"商品レビュー","【 楽天1位受賞★レビュー特典付き 】＼クーポンで最大20％OFF！／眉毛 はさみ ハサミ まゆげ テンプレート 眉毛カット 眉コーム 眉毛セット メンズ 眉そり コーム カミソリ RP1 NP-2F","https://review.rakuten.co.jp/item/1/354660_10001208/epqr-iap48-k0renw_1_1600479928/","5","2023/05/13 14:02:28","","ケースもいい感じです。セット内容も充実していてとても満足です","0","354660-20230510-0908122171",""
"商品レビュー","【 楽天1位受賞★レビュー特典付き 】＼クーポンで最大20％OFF！／眉毛 はさみ ハサミ まゆげ テンプレート 眉毛カット 眉コーム 眉毛セット メンズ 眉そり コーム カミソリ RP1 NP-2F","https://review.rakuten.co.jp/item/1/354660_10001208/epqr-iapwz-d75w15_1_1546834608/","5","2023/04/25 7:58:45","","良い商品でした 。
使うのが楽しみです。","0","354660-20230415-0377114130",""
"商品レビュー","【 楽天1位受賞★レビュー特典付き 】＼クーポンで最大20％OFF！／眉毛 はさみ ハサミ まゆげ テンプレート 眉毛カット 眉コーム 眉毛セット メンズ 眉そり コーム カミソリ RP1 NP-2F","https://review.rakuten.co.jp/item/1/354660_10001208/epqr-iapwu-9l4jqn_1_1526732290/","4","2023/04/12 23:36:09","コスパよし","空けると少し埃？がついているようでしたが、粘着テープで取れました。
値段相応といった感じですが、旦那の眉毛を軽く整えたいだけなのでこれだけ揃っていたらありがたいです。
ハサミは普通によく切れました。","0","354660-20230409-0149411503",""
"商品レビュー","【 楽天1位受賞★レビュー特典付き 】＼クーポンで最大20％OFF！／眉毛 はさみ ハサミ まゆげ テンプレート 眉毛カット 眉コーム 眉毛セット メンズ 眉そり コーム カミソリ RP1 NP-2F","https://review.rakuten.co.jp/item/1/354660_10001208/epqr-iapwv-1ohwxt_1_1527183756/","4","2023/04/11 17:46:29","","いろいろついていて使いやすくて良かったです。","0","354660-20230410-0276011595",""
"商品レビュー","【 楽天1位受賞★レビュー特典付き 】＼クーポンで最大20％OFF！／眉毛 はさみ ハサミ まゆげ テンプレート 眉毛カット 眉コーム 眉毛セット メンズ 眉そり コーム カミソリ RP1 NP-2F","https://review.rakuten.co.jp/item/1/354660_10001208/epqr-iapul-bkmkdi_1_1493626260/","5","2023/04/06 14:35:18","身だしなみを整えるのに最適なセット","今年70歳になりますが、散髪後1ヶ月すると眉毛が伸び見苦しく感じてました。
今回 身だしなみを整えるためにも値段も手頃で最適な商品にめぐり会え感謝しています。","0","354660-20230324-0207405588",""
"商品レビュー","【 楽天1位受賞★レビュー特典付き 】＼クーポンで最大20％OFF！／眉毛 はさみ ハサミ まゆげ テンプレート 眉毛カット 眉コーム 眉毛セット メンズ 眉そり コーム カミソリ RP1 NP-2F","https://review.rakuten.co.jp/item/1/354660_10001208/epqr-iapu5-lin1am_1_1500715491/","5","2023/04/03 11:10:09","","子供が使うのに購入しました。まだ使っていませんが色々入っていて便利そうです。","0","354660-20230326-0988505909",""
"商品レビュー","【 楽天1位受賞★レビュー特典付き 】＼クーポンで最大20％OFF！／眉毛 はさみ ハサミ まゆげ テンプレート 眉毛カット 眉コーム 眉毛セット メンズ 眉そり コーム カミソリ RP1 NP-2F","https://review.rakuten.co.jp/item/1/354660_10001208/epqr-iapuo-1wihev_1_1506415455/","5","2023/04/01 8:38:32","使いやすかったです。","とても使いやすかったです。
ありがとうございました！","0","354660-20230328-0294507210",""
"商品レビュー","【 楽天1位受賞★レビュー特典付き 】＼クーポンで最大20％OFF！／眉毛 はさみ ハサミ まゆげ テンプレート 眉毛カット 眉コーム 眉毛セット メンズ 眉そり コーム カミソリ RP1 NP-2F","https://review.rakuten.co.jp/item/1/354660_10001208/epqr-iapuj-aebx1z_2_1489252791/","5","2023/03/28 19:07:42","","思ってたよりも種類が豊富で眉毛の形とかに困らなくなりました。","0","354660-20230322-0072405107",""
"商品レビュー","【 楽天1位受賞★レビュー特典付き 】＼クーポンで最大20％OFF！／眉毛 はさみ ハサミ まゆげ テンプレート 眉毛カット 眉コーム 眉毛セット メンズ 眉そり コーム カミソリ RP1 NP-2F","https://review.rakuten.co.jp/item/1/354660_10001208/epqr-iapue-f2zw7m_1_1476792553/","4","2023/03/16 20:59:42","","コンパクトにまとめられていて、ケース内の収納状態もすごくいい！","0","354660-20230315-0567704033",""
"商品レビュー","【 楽天1位受賞★レビュー特典付き 】＼クーポンで最大20％OFF！／眉毛 はさみ ハサミ まゆげ テンプレート 眉毛カット 眉コーム 眉毛セット メンズ 眉そり コーム カミソリ RP1 NP-2F","https://review.rakuten.co.jp/item/1/354660_10001208/epqr-iapub-w9xo5_2_1471588765/","4","2023/03/15 23:15:16","","届いたら、封筒を開けると中の袋から
ピンセットがでてきてました。
すぐに抜けやすいのかとはおもいました。
使い心地としては全然大丈夫につかえます。
たくさん入ってこのお値段なのでいいとおもいました","0","354660-20230311-0052203618",""
"商品レビュー","【 楽天1位受賞★レビュー特典付き 】＼クーポンで最大20％OFF！／眉毛 はさみ ハサミ まゆげ テンプレート 眉毛カット 眉コーム 眉毛セット メンズ 眉そり コーム カミソリ RP1 NP-2F","https://review.rakuten.co.jp/item/1/354660_10001208/epqr-iapqu-1u5kx7_1_1353608786/","5","2023/01/25 21:07:23","良いと思います。","必要な物がセットになっていて、とても良いと思います。","0","354660-20230121-0291433976",""
